fight_id,round.x,opponent_1.x,opponent_1_estimated_punch_power,opponent_1_estimated_punch_resistance,opponent_1_ability_to_take_punch,opponent_1_round_ko_percentage,opponent_2.x,opponent_2_estimated_punch_power,opponent_2_estimated_punch_resistance,opponent_2_ability_to_take_punch,opponent_2_round_ko_percentage,Date,opponent_1_rounds_boxed,opponent_2_rounds_boxed,opponent_1_has_been_ko_percentage,opponent_2_has_been_ko_percentage,opponent_1_avg_weight,opponent_2_avg_weight,verdict,round.y,decision,winner_name
1,1,Vasyl Lomachenko ,72,73.9,75,8.4,Luke Campbell,72,60.5,75,12.31,31-Aug-19,119,130,0,0,127.11,135.24,Lomachenko won via UD in round 12,12,UD,Lomachenko
1,2,Vasyl Lomachenko ,74.24191689,73.03530183,74.98156421,8.53764313,Luke Campbell,68.76343791,60.63281803,74.39430341,12.62220506,31-Aug-19,119,130,0,0,127.11,135.24,Lomachenko won via UD in round 12,12,UD,Lomachenko
1,3,Vasyl Lomachenko ,74.55045354,72.62917731,75.5373252,8.670068508,Luke Campbell,67.40054551,60.98846591,74.35526604,12.7923478,31-Aug-19,119,130,0,0,127.11,135.24,Lomachenko won via UD in round 12,12,UD,Lomachenko
1,4,Vasyl Lomachenko ,78.08730097,72.26646321,75.98976003,8.925926914,Luke Campbell,70.05200055,61.33136522,74.20014637,12.9985198,31-Aug-19,119,130,0,0,127.11,135.24,Lomachenko won via UD in round 12,12,UD,Lomachenko
1,5,Vasyl Lomachenko ,74.80957957,71.68767445,75.72309936,9.135984011,Luke Campbell,70.91057818,61.1211981,72.50360133,13.22896957,31-Aug-19,119,130,0,0,127.11,135.24,Lomachenko won via UD in round 12,12,UD,Lomachenko
1,6,Vasyl Lomachenko ,73.74107372,68.73121903,74.3028659,9.354593233,Luke Campbell,69.67610889,61.00642867,72.59451319,13.53433221,31-Aug-19,119,130,0,0,127.11,135.24,Lomachenko won via UD in round 12,12,UD,Lomachenko
1,7,Vasyl Lomachenko ,72.62779654,66.64991059,74.01690722,9.593911185,Luke Campbell,67.72152477,62.0089713,72.56243725,13.80998175,31-Aug-19,119,130,0,0,127.11,135.24,Lomachenko won via UD in round 12,12,UD,Lomachenko
1,8,Vasyl Lomachenko ,75.91818346,65.91944146,73.68827253,9.695447354,Luke Campbell,69.06298191,62.42984946,71.84087778,13.99978578,31-Aug-19,119,130,0,0,127.11,135.24,Lomachenko won via UD in round 12,12,UD,Lomachenko
1,9,Vasyl Lomachenko ,76.33837817,64.97944658,73.71599759,9.962235279,Luke Campbell,69.81001823,61.1763261,71.36946337,14.23596254,31-Aug-19,119,130,0,0,127.11,135.24,Lomachenko won via UD in round 12,12,UD,Lomachenko
1,10,Vasyl Lomachenko ,77.90858521,64.07052021,73.76847515,10.12139417,Luke Campbell,70.84637571,61.34009369,70.72657522,14.4104631,31-Aug-19,119,130,0,0,127.11,135.24,Lomachenko won via UD in round 12,12,UD,Lomachenko
1,11,Vasyl Lomachenko ,75.83966719,62.91961261,72.36137133,10.39273858,Luke Campbell,73.37178973,61.29801513,70.57079534,14.64584821,31-Aug-19,119,130,0,0,127.11,135.24,Lomachenko won via UD in round 12,12,UD,Lomachenko
1,12,Vasyl Lomachenko ,75.75166439,62.25855532,72.54045295,10.62379702,Luke Campbell,70.48313194,61.61001203,70.26222542,14.90459415,31-Aug-19,119,130,0,0,127.11,135.24,Lomachenko won via UD in round 12,12,UD,Lomachenko
2,1,Orlando Fiordigiglio ,59,55.4,75,6.5,Sam Eggington,59,54.5,75,8.47,19-Sep-19,200,177,3.03,6.25,152.5,148.93,Eggington won via KO in round 2,2,KO,Eggington
2,2,Orlando Fiordigiglio ,60.36669266,55.92177311,75.49605819,6.637191304,Sam Eggington,59.80069712,55.59111046,74.24460556,8.596960371,19-Sep-19,200,177,3.03,6.25,152.5,148.93,Eggington won via KO in round 2,2,KO,Eggington
3,1,Gennady Golovkin ,82,68,75,17.5,Sergiy Derevyanchenko,82,63.3,75,12.35,5-Oct-19,200,81,0,0,159.66,164.04,Golovkin won via UD in round 12,12,UD,Golovkin
3,2,Gennady Golovkin ,79.23652264,66.240786,74.83999128,17.79766022,Sergiy Derevyanchenko,81.3277854,62.11232098,74.577658,12.66052776,5-Oct-19,200,81,0,0,159.66,164.04,Golovkin won via UD in round 12,12,UD,Golovkin
3,3,Gennady Golovkin ,81.13845339,66.98553709,74.13838695,18.14584172,Sergiy Derevyanchenko,80.00004771,62.92570701,74.13716158,12.95813566,5-Oct-19,200,81,0,0,159.66,164.04,Golovkin won via UD in round 12,12,UD,Golovkin
3,4,Gennady Golovkin ,79.30490657,66.7910509,73.72725901,18.41056144,Sergiy Derevyanchenko,80.89377286,61.56933859,73.91681234,13.18061602,5-Oct-19,200,81,0,0,159.66,164.04,Golovkin won via UD in round 12,12,UD,Golovkin
3,5,Gennady Golovkin ,79.18129264,66.61021186,73.51471274,18.67246734,Sergiy Derevyanchenko,82.72811196,60.99569289,73.48288968,13.44236368,5-Oct-19,200,81,0,0,159.66,164.04,Golovkin won via UD in round 12,12,UD,Golovkin
3,6,Gennady Golovkin ,77.71042217,65.80599473,72.4841632,18.9114879,Sergiy Derevyanchenko,82.21258789,59.89541071,73.01614351,13.85665719,5-Oct-19,200,81,0,0,159.66,164.04,Golovkin won via UD in round 12,12,UD,Golovkin
3,7,Gennady Golovkin ,76.18512165,68.20788573,71.60310508,19.17497417,Sergiy Derevyanchenko,81.36153615,58.52362833,72.89774695,14.19661132,5-Oct-19,200,81,0,0,159.66,164.04,Golovkin won via UD in round 12,12,UD,Golovkin
3,8,Gennady Golovkin ,72.69787152,66.43744999,71.46545627,19.34689904,Sergiy Derevyanchenko,82.04156324,59.65605026,72.2014007,14.58323418,5-Oct-19,200,81,0,0,159.66,164.04,Golovkin won via UD in round 12,12,UD,Golovkin
3,9,Gennady Golovkin ,72.19422629,65.7091911,70.95862047,19.45094209,Sergiy Derevyanchenko,81.71135936,60.25161584,71.88651163,14.98791326,5-Oct-19,200,81,0,0,159.66,164.04,Golovkin won via UD in round 12,12,UD,Golovkin
3,10,Gennady Golovkin ,69.24473039,65.58870755,71.04243077,19.63635547,Sergiy Derevyanchenko,77.72124764,61.64107476,72.11890062,15.33553933,5-Oct-19,200,81,0,0,159.66,164.04,Golovkin won via UD in round 12,12,UD,Golovkin
3,11,Gennady Golovkin ,68.74485616,66.41159719,71.56235864,19.76284785,Sergiy Derevyanchenko,74.32323338,61.98408346,72.16049755,15.63542878,5-Oct-19,200,81,0,0,159.66,164.04,Golovkin won via UD in round 12,12,UD,Golovkin
3,12,Gennady Golovkin ,68.01021704,67.31309559,71.12749385,19.92574518,Sergiy Derevyanchenko,74.12614517,61.09997449,72.14490092,15.91275051,5-Oct-19,200,81,0,0,159.66,164.04,Golovkin won via UD in round 12,12,UD,Golovkin
4,1,Shawn Porter ,66,63.8,75,7.76,Errol Spence Jr,66,62.3,75,19.44,28-Sep-19,219,108,0,0,152.53,148.47,Spence Jr won via SD in round 12,12,SD,Spence Jr
4,2,Shawn Porter ,64.94148125,62.16376335,75.15037441,7.934709831,Errol Spence Jr,64.18299315,63.2502366,74.66411814,19.6493976,28-Sep-19,219,108,0,0,152.53,148.47,Spence Jr won via SD in round 12,12,SD,Spence Jr
4,3,Shawn Porter ,62.76886807,60.26917518,75.0528537,8.069480739,Errol Spence Jr,61.27982829,62.48412051,74.32944244,19.7658563,28-Sep-19,219,108,0,0,152.53,148.47,Spence Jr won via SD in round 12,12,SD,Spence Jr
4,4,Shawn Porter ,62.77409147,58.67517272,74.37326848,8.273502142,Errol Spence Jr,63.47724231,62.16135581,74.25155537,19.83504758,28-Sep-19,219,108,0,0,152.53,148.47,Spence Jr won via SD in round 12,12,SD,Spence Jr
4,5,Shawn Porter ,63.08164128,58.96166025,75.0808827,8.449066059,Errol Spence Jr,61.51880776,62.85942471,74.6807962,20.03939186,28-Sep-19,219,108,0,0,152.53,148.47,Spence Jr won via SD in round 12,12,SD,Spence Jr
4,6,Shawn Porter ,58.57978281,58.99543745,75.46654526,8.717838418,Errol Spence Jr,58.25753366,64.60938541,74.98923262,20.15124583,28-Sep-19,219,108,0,0,152.53,148.47,Spence Jr won via SD in round 12,12,SD,Spence Jr
4,7,Shawn Porter ,55.32605961,57.54458189,74.91363457,8.783646356,Errol Spence Jr,59.16474922,63.33800018,74.2411545,20.21523368,28-Sep-19,219,108,0,0,152.53,148.47,Spence Jr won via SD in round 12,12,SD,Spence Jr
4,8,Shawn Porter ,53.53457217,57.05920392,74.11302354,8.988741569,Errol Spence Jr,56.2677575,63.22801918,74.69000745,20.25060171,28-Sep-19,219,108,0,0,152.53,148.47,Spence Jr won via SD in round 12,12,SD,Spence Jr
4,9,Shawn Porter ,53.25012166,56.67509582,74.16083336,9.084800893,Errol Spence Jr,54.290876,62.97458312,73.98120939,20.28838485,28-Sep-19,219,108,0,0,152.53,148.47,Spence Jr won via SD in round 12,12,SD,Spence Jr
4,10,Shawn Porter ,52.48594558,57.85188324,73.85231826,9.115566874,Errol Spence Jr,55.53638682,63.64412813,73.97313272,20.23906395,28-Sep-19,219,108,0,0,152.53,148.47,Spence Jr won via SD in round 12,12,SD,Spence Jr
4,11,Shawn Porter ,52.75728136,57.20037037,73.39142021,9.139239346,Errol Spence Jr,54.92839335,64.40890135,74.17973024,20.27858005,28-Sep-19,219,108,0,0,152.53,148.47,Spence Jr won via SD in round 12,12,SD,Spence Jr
4,12,Shawn Porter ,53.11401317,56.72635213,73.44925407,9.216133091,Errol Spence Jr,49.02853373,64.16986798,74.26660609,20.3151665,28-Sep-19,219,108,0,0,152.53,148.47,Spence Jr won via SD in round 12,12,SD,Spence Jr
5,1,Zaur Abdullaev ,64,58.4,75,8.33,Devin Haney,64,47,75,12.73,13-Sep-19,60,110,0,0,0,0,Haney won via RTD in round 4,4,RTD,Haney
5,2,Zaur Abdullaev ,63.81482508,58.53156537,74.60172513,8.576498911,Devin Haney,63.58744402,47.0480123,76.02979677,12.98408098,13-Sep-19,60,110,0,0,0,0,Haney won via RTD in round 4,4,RTD,Haney
5,3,Zaur Abdullaev ,64.25561188,56.9888951,75.09251286,8.81654583,Devin Haney,58.86104379,47.02170758,75.48599835,13.29162837,13-Sep-19,60,110,0,0,0,0,Haney won via RTD in round 4,4,RTD,Haney
5,4,Zaur Abdullaev ,65.40375981,55.0262657,74.60785969,9.045526124,Devin Haney,56.73627434,48.93376306,75.22414537,13.50872496,13-Sep-19,60,110,0,0,0,0,Haney won via RTD in round 4,4,RTD,Haney
6,1,Tyson Fury ,72,66.5,75,11.49,Otto Wallin,72,57.4,75,14.44,14-Sep-19,174,90,0,0,247.5,240.54,Fury won via UD in round 12,12,UD,Fury
6,2,Tyson Fury ,71.16747702,67.06256338,74.84867024,11.58871916,Otto Wallin,71.45714587,57.77049807,74.58269148,14.65530601,14-Sep-19,174,90,0,0,247.5,240.54,Fury won via UD in round 12,12,UD,Fury
6,3,Tyson Fury ,70.65823548,67.52280555,74.6681657,11.79227856,Otto Wallin,72.17135786,57.74595504,74.96136502,14.83513499,14-Sep-19,174,90,0,0,247.5,240.54,Fury won via UD in round 12,12,UD,Fury
6,4,Tyson Fury ,69.86529023,67.16491822,74.70935043,11.99993921,Otto Wallin,71.84599604,58.79931693,75.12345192,15.06295455,14-Sep-19,174,90,0,0,247.5,240.54,Fury won via UD in round 12,12,UD,Fury
6,5,Tyson Fury ,66.87249923,66.83143069,74.47386934,12.11545014,Otto Wallin,72.81105301,57.62739006,74.69675316,15.3771808,14-Sep-19,174,90,0,0,247.5,240.54,Fury won via UD in round 12,12,UD,Fury
6,6,Tyson Fury ,64.30378051,65.90069874,74.5672732,12.22267535,Otto Wallin,71.73076239,58.15593621,74.35113931,15.57671554,14-Sep-19,174,90,0,0,247.5,240.54,Fury won via UD in round 12,12,UD,Fury
6,7,Tyson Fury ,62.23400489,65.76411506,73.74891608,12.38616349,Otto Wallin,69.53313099,56.76741635,73.90899402,15.82389254,14-Sep-19,174,90,0,0,247.5,240.54,Fury won via UD in round 12,12,UD,Fury
6,8,Tyson Fury ,60.76481406,65.65324387,73.57441925,12.48210577,Otto Wallin,68.72641521,56.22416912,74.65509504,16.0127048,14-Sep-19,174,90,0,0,247.5,240.54,Fury won via UD in round 12,12,UD,Fury
6,9,Tyson Fury ,63.88357814,64.52791591,73.94715448,12.56692804,Otto Wallin,67.39676661,56.27325065,75.26931617,16.26887788,14-Sep-19,174,90,0,0,247.5,240.54,Fury won via UD in round 12,12,UD,Fury
6,10,Tyson Fury ,61.71316653,64.15915226,74.12054032,12.66947295,Otto Wallin,69.37506803,54.32869511,75.79249444,16.46923845,14-Sep-19,174,90,0,0,247.5,240.54,Fury won via UD in round 12,12,UD,Fury
6,11,Tyson Fury ,59.66900206,64.01191637,74.41483874,12.77073748,Otto Wallin,68.32220586,52.91927635,75.65942909,16.83000666,14-Sep-19,174,90,0,0,247.5,240.54,Fury won via UD in round 12,12,UD,Fury
6,12,Tyson Fury ,56.39494895,62.40524046,73.83064108,12.82887873,Otto Wallin,72.66653257,51.54244745,75.70239965,17.1751649,14-Sep-19,174,90,0,0,247.5,240.54,Fury won via UD in round 12,12,UD,Fury
7,1,Artur Beterbiev ,88,68.4,75,26.92,Oleksandr Gvozdyk,88,67.5,75,15.91,18-Oct-19,52,88,0,0,178.65,174.95,Beterbiev won via TKO in round 10,10,TKO,Beterbiev
7,2,Artur Beterbiev ,87.10868637,67.8818252,74.64761102,27.27089164,Oleksandr Gvozdyk,89.0919119,65.74647043,74.84919771,16.21031145,18-Oct-19,52,88,0,0,178.65,174.95,Beterbiev won via TKO in round 10,10,TKO,Beterbiev
7,3,Artur Beterbiev ,89.40354519,68.26944496,74.60770503,27.5748287,Oleksandr Gvozdyk,90.36847424,65.49954085,74.3706859,16.59143973,18-Oct-19,52,88,0,0,178.65,174.95,Beterbiev won via TKO in round 10,10,TKO,Beterbiev
7,4,Artur Beterbiev ,89.90024256,67.41990805,74.26807678,27.96795685,Oleksandr Gvozdyk,90.17369055,65.03492327,75.18063121,16.94180634,18-Oct-19,52,88,0,0,178.65,174.95,Beterbiev won via TKO in round 10,10,TKO,Beterbiev
7,5,Artur Beterbiev ,90.28426873,67.36092434,73.94027295,28.36797145,Oleksandr Gvozdyk,88.73211661,63.18898634,74.96036785,17.36180867,18-Oct-19,52,88,0,0,178.65,174.95,Beterbiev won via TKO in round 10,10,TKO,Beterbiev
7,6,Artur Beterbiev ,92.45409391,66.19165258,73.76801643,28.72995688,Oleksandr Gvozdyk,84.08934091,62.63892122,74.16954263,17.814535,18-Oct-19,52,88,0,0,178.65,174.95,Beterbiev won via TKO in round 10,10,TKO,Beterbiev
7,7,Artur Beterbiev ,90.79738245,64.89291392,73.56680004,29.1565168,Oleksandr Gvozdyk,86.30513198,62.67342407,74.68421167,18.11482559,18-Oct-19,52,88,0,0,178.65,174.95,Beterbiev won via TKO in round 10,10,TKO,Beterbiev
7,8,Artur Beterbiev ,93.25106701,62.68376113,73.0155803,29.53215598,Oleksandr Gvozdyk,87.70643543,61.78841256,74.64469043,18.46275181,18-Oct-19,52,88,0,0,178.65,174.95,Beterbiev won via TKO in round 10,10,TKO,Beterbiev
7,9,Artur Beterbiev ,89.42475295,61.63322769,72.42690442,29.93662265,Oleksandr Gvozdyk,86.64934927,62.03452772,73.79277986,18.83616286,18-Oct-19,52,88,0,0,178.65,174.95,Beterbiev won via TKO in round 10,10,TKO,Beterbiev
7,10,Artur Beterbiev ,84.54708375,61.54664624,71.91094295,30.42842794,Oleksandr Gvozdyk,86.49136401,61.33106024,73.64510958,19.19740314,18-Oct-19,52,88,0,0,178.65,174.95,Beterbiev won via TKO in round 10,10,TKO,Beterbiev
8,1,Dereck Chisora ,65,63.9,75,8.73,David Price,65,65.6,75,18.1,26-Oct-19,252,105,7.5,20.69,238.35,246.75,Chisora won via TKO in round 4,4,TKO,Chisora
8,2,Dereck Chisora ,67.73668787,64.3141886,76.28293268,8.82624612,David Price,60.22326334,64.59964589,74.79547176,18.14609333,26-Oct-19,252,105,7.5,20.69,238.35,246.75,Chisora won via TKO in round 4,4,TKO,Chisora
8,3,Dereck Chisora ,68.8654197,66.11221941,76.23342271,8.924902692,David Price,61.11232264,61.83831042,74.66711664,18.20879104,26-Oct-19,252,105,7.5,20.69,238.35,246.75,Chisora won via TKO in round 4,4,TKO,Chisora
8,4,Dereck Chisora ,66.3527747,65.77680485,76.68798489,9.108787606,David Price,59.62999447,61.25466296,74.62451405,18.3480119,26-Oct-19,252,105,7.5,20.69,238.35,246.75,Chisora won via TKO in round 4,4,TKO,Chisora
9,1,Olajide William Olatunji ,0,0,75,0,Logan Paul,0,0,75,0,9-Nov-19,0,0,0,0,0,0,Olatunji won via SD in round 6,6,SD,Olatunji
9,2,Olajide William Olatunji ,0,0,74.08038535,0.051517111,Logan Paul,1.558281439,0.614774868,74.79877187,0.131800478,9-Nov-19,0,0,0,0,0,0,Olatunji won via SD in round 6,6,SD,Olatunji
9,3,Olajide William Olatunji ,1.023726894,0,74.01522365,0.103168808,Logan Paul,0,0.116650538,74.08416746,0.218893889,9-Nov-19,0,0,0,0,0,0,Olatunji won via SD in round 6,6,SD,Olatunji
9,4,Olajide William Olatunji ,0,0.262451973,73.72606059,0.23757316,Logan Paul,0,0.652858242,74.44165336,0.326659304,9-Nov-19,0,0,0,0,0,0,Olatunji won via SD in round 6,6,SD,Olatunji
9,5,Olajide William Olatunji ,0,1.17336178,73.21861214,0.40012466,Logan Paul,0,0.26492691,75.36260521,0.549988113,9-Nov-19,0,0,0,0,0,0,Olatunji won via SD in round 6,6,SD,Olatunji
9,6,Olajide William Olatunji ,1.297199211,0,73.07924157,0.521736897,Logan Paul,0,0,75.92924546,0.668613613,9-Nov-19,0,0,0,0,0,0,Olatunji won via SD in round 6,6,SD,Olatunji
10,1,Sugar Ray Leonard ,73,66.9,75,9.84,Marvin Hagler,73,62,75,13.47,6-Apr-87,244,386,0,0,151.51,177.35,Leonard won via SD in round 12,12,SD,Leonard
10,2,Sugar Ray Leonard ,75.69482648,66.26641461,75.10249296,10.03721206,Marvin Hagler,69.36260033,59.69217682,75.07048676,13.70133117,6-Apr-87,244,386,0,0,151.51,177.35,Leonard won via SD in round 12,12,SD,Leonard
10,3,Sugar Ray Leonard ,81.65296548,66.88686717,74.29922343,10.22578966,Marvin Hagler,67.72056354,59.08110836,74.53477923,13.91481595,6-Apr-87,244,386,0,0,151.51,177.35,Leonard won via SD in round 12,12,SD,Leonard
10,4,Sugar Ray Leonard ,81.89343604,64.68586653,73.19701845,10.44586339,Marvin Hagler,65.3579534,56.79809888,74.22497933,14.1808004,6-Apr-87,244,386,0,0,151.51,177.35,Leonard won via SD in round 12,12,SD,Leonard
10,5,Sugar Ray Leonard ,80.69757683,65.62476868,72.85991967,10.76007303,Marvin Hagler,68.61261253,56.50070507,73.98464436,14.44342316,6-Apr-87,244,386,0,0,151.51,177.35,Leonard won via SD in round 12,12,SD,Leonard
10,6,Sugar Ray Leonard ,80.06836301,64.61953158,73.34101831,10.99167586,Marvin Hagler,68.21975456,55.76580666,72.91599573,14.63143423,6-Apr-87,244,386,0,0,151.51,177.35,Leonard won via SD in round 12,12,SD,Leonard
10,7,Sugar Ray Leonard ,79.11149598,63.9717035,73.40708262,11.35982081,Marvin Hagler,68.53237159,54.0061527,73.24022442,14.82407221,6-Apr-87,244,386,0,0,151.51,177.35,Leonard won via SD in round 12,12,SD,Leonard
10,8,Sugar Ray Leonard ,79.63912503,65.05407666,73.58863114,11.61295409,Marvin Hagler,67.64523047,53.70381674,73.03380955,15.11073064,6-Apr-87,244,386,0,0,151.51,177.35,Leonard won via SD in round 12,12,SD,Leonard
10,9,Sugar Ray Leonard ,79.30221263,66.13015577,72.60799825,11.90709995,Marvin Hagler,68.34225273,53.2776043,72.70954177,15.3929921,6-Apr-87,244,386,0,0,151.51,177.35,Leonard won via SD in round 12,12,SD,Leonard
10,10,Sugar Ray Leonard ,78.48863199,66.70793963,72.78308154,12.1908332,Marvin Hagler,66.97496885,54.51501672,71.42441848,15.73144111,6-Apr-87,244,386,0,0,151.51,177.35,Leonard won via SD in round 12,12,SD,Leonard
10,11,Sugar Ray Leonard ,80.97425423,64.88244583,73.03844031,12.36574811,Marvin Hagler,65.97800298,54.63733711,71.71824513,16.04069694,6-Apr-87,244,386,0,0,151.51,177.35,Leonard won via SD in round 12,12,SD,Leonard
10,12,Sugar Ray Leonard ,81.64968674,64.67208813,73.32207114,12.66541461,Marvin Hagler,64.15695927,55.9014066,70.70675716,16.33870719,6-Apr-87,244,386,0,0,151.51,177.35,Leonard won via SD in round 12,12,SD,Leonard
11,1,Mike Tyson ,83,61.8,75,25.21,Michael Spinks,83,65.3,75,9.33,27-Jun-88,119,225,0,0,369.29,321.86,Tyson won via KO in round 1,1,KO,Tyson
12,1,Raul Pinzon ,70,39.6,75,25,Saul Alvarez,70,41.1,75,11.63,5-Dec-08,60,129,0,0,149.6,156.18,Alvarez won via TKO in round 1,1,TKO,Alvarez
13,1,Saul Alvarez ,67,42.4,75,12.31,Antonio Fitch,67,26.7,75,23.81,17-Jan-09,130,42,0,0,155.67,142.28,Alvarez won via TKO in round 1,1,TKO,Alvarez
14,1,Scott Belshaw ,63,49.7,75,18.42,Tyson Fury,63,59,75,45.45,23-May-09,38,11,0,0,235.48,249.06,Fury won via TKO in round 2,2,TKO,Fury
14,2,Scott Belshaw ,61.47679445,47.48263497,73.86709308,18.69025895,Tyson Fury,66.9470686,58.97337606,75.3653924,45.65693347,23-May-09,38,11,0,0,235.48,249.06,Fury won via TKO in round 2,2,TKO,Fury
15,1,Carlos Leonardo Herrera ,57,49,75,6.9,Saul Alvarez,57,46.4,75,12.88,15-Sep-09,116,163,0,0,148.8,153.77,Alvarez won via TKO in round 1,1,TKO,Alvarez
16,1,Damon Mccreary ,73,44.7,75,24.39,Deontay Wilder,73,52.1,75,60,8-Sep-12,41,40,0,0,177.41,243.21,Wilder won via KO in round 2,2,KO,Wilder
16,2,Damon Mccreary ,71.19076944,45.35396098,74.97647573,24.80832996,Deontay Wilder,74.50222647,52.54745199,74.48671258,60.35376118,8-Sep-12,41,40,0,0,177.41,243.21,Wilder won via KO in round 2,2,KO,Wilder
17,1,Callum Smith ,77,59.6,75,18.75,Rocky Fielding,77,55.8,75,13.64,7-Nov-15,64,88,0,0,169.11,170,Smith won via TKO in round 1,1,TKO,Smith
18,1,Dillian Whyte ,75,54.3,75,29.55,Anthony Joshua,75,64.3,75,56,12-Dec-15,44,25,0,0,225.84,235.76,Joshua won via TKO in round 7,7,TKO,Joshua
18,2,Dillian Whyte ,72.71566409,54.63081841,74.58364741,29.90460693,Anthony Joshua,75.00219418,64.46229347,75.22239611,56.22990142,12-Dec-15,44,25,0,0,225.84,235.76,Joshua won via TKO in round 7,7,TKO,Joshua
18,3,Dillian Whyte ,72.95166218,54.06043092,74.61640372,30.24125496,Anthony Joshua,72.29104237,64.72606912,75.67407849,56.3841774,12-Dec-15,44,25,0,0,225.84,235.76,Joshua won via TKO in round 7,7,TKO,Joshua
18,4,Dillian Whyte ,71.9902622,54.93267343,75.11275507,30.52398569,Anthony Joshua,70.5770639,64.13382405,74.82923682,56.61616204,12-Dec-15,44,25,0,0,225.84,235.76,Joshua won via TKO in round 7,7,TKO,Joshua
18,5,Dillian Whyte ,69.93552379,55.14621201,74.45609895,30.79652662,Anthony Joshua,68.87870009,65.0907307,74.65599082,56.84285288,12-Dec-15,44,25,0,0,225.84,235.76,Joshua won via TKO in round 7,7,TKO,Joshua
18,6,Dillian Whyte ,71.04138919,54.27273516,73.29203637,31.10535878,Anthony Joshua,71.50089623,65.05635545,74.99435395,57.01798751,12-Dec-15,44,25,0,0,225.84,235.76,Joshua won via TKO in round 7,7,TKO,Joshua
18,7,Dillian Whyte ,67.33630874,52.6181349,71.58307003,31.44814703,Anthony Joshua,67.97754918,64.77875771,75.15342206,57.231934,12-Dec-15,44,25,0,0,225.84,235.76,Joshua won via TKO in round 7,7,TKO,Joshua
19,1,Dominic Wade ,70,54.6,75,20,Gennady Golovkin,70,65.7,75,20.53,23-Apr-16,60,151,0,0,162.48,159.66,Golovkin won via KO in round 2,2,KO,Golovkin
19,2,Dominic Wade ,69.15222331,53.08230051,75.12319918,20.2331772,Gennady Golovkin,66.99635312,65.99492772,74.18359467,20.71021822,23-Apr-16,60,151,0,0,162.48,159.66,Golovkin won via KO in round 2,2,KO,Golovkin
20,1,Anthony Joshua ,87,65.4,75,47.06,Dominic Breazeale,87,54,75,26.32,25-Jun-16,34,57,0,0,237.04,237.83,Joshua won via TKO in round 7,7,TKO,Joshua
20,2,Anthony Joshua ,86.50554437,63.77179031,75.38984821,47.37135975,Dominic Breazeale,84.48330239,53.06456852,74.19507966,26.71917681,25-Jun-16,34,57,0,0,237.04,237.83,Joshua won via TKO in round 7,7,TKO,Joshua
20,3,Anthony Joshua ,88.405501,62.99675663,74.90231966,47.72018675,Dominic Breazeale,85.24306471,52.49204695,73.86565907,27.24886666,25-Jun-16,34,57,0,0,237.04,237.83,Joshua won via TKO in round 7,7,TKO,Joshua
20,4,Anthony Joshua ,87.18938701,62.34015556,74.26348747,48.03911774,Dominic Breazeale,84.62628038,51.65498316,74.03930242,27.68268565,25-Jun-16,34,57,0,0,237.04,237.83,Joshua won via TKO in round 7,7,TKO,Joshua
20,5,Anthony Joshua ,87.91596025,61.23395222,73.375259,48.39090022,Dominic Breazeale,86.87209595,50.9773108,73.53122611,28.08379586,25-Jun-16,34,57,0,0,237.04,237.83,Joshua won via TKO in round 7,7,TKO,Joshua
20,6,Anthony Joshua ,85.81408928,58.74116653,73.02979043,48.79920271,Dominic Breazeale,87.02937666,52.14382143,73.15322134,28.58816096,25-Jun-16,34,57,0,0,237.04,237.83,Joshua won via TKO in round 7,7,TKO,Joshua
20,7,Anthony Joshua ,85.90347399,58.8339078,72.32936857,49.18849663,Dominic Breazeale,87.19603437,53.26601467,73.28515964,29.01756765,25-Jun-16,34,57,0,0,237.04,237.83,Joshua won via TKO in round 7,7,TKO,Joshua
21,1,Charles Martin ,80,46.8,75,28.38,Anthony Joshua,80,64.6,75,46.88,9-Apr-16,74,32,0,0,239.9,236.51,Joshua won via KO in round 2,2,KO,Joshua
21,2,Charles Martin ,78.10619645,45.75386954,74.87078644,28.83680264,Anthony Joshua,80.235875,63.64265709,74.61182666,47.196068,9-Apr-16,74,32,0,0,239.9,236.51,Joshua won via KO in round 2,2,KO,Joshua
22,1,Kell Brook ,75,63.9,75,13.97,Gennady Golovkin,75,65.8,75,20.92,10-Sep-16,179,153,0,0,149.14,159.66,Golovkin won via TKO in round 5,5,TKO,Golovkin
22,2,Kell Brook ,74.30078649,62.94571012,75.28558219,14.20667482,Gennady Golovkin,73.81860016,65.67472553,73.66111122,21.15152622,10-Sep-16,179,153,0,0,149.14,159.66,Golovkin won via TKO in round 5,5,TKO,Golovkin
22,3,Kell Brook ,71.96771715,64.35539868,74.50153169,14.35474586,Gennady Golovkin,74.16321288,66.66946289,73.54346823,21.37490711,10-Sep-16,179,153,0,0,149.14,159.66,Golovkin won via TKO in round 5,5,TKO,Golovkin
22,4,Kell Brook ,66.96145226,64.70652465,74.03511538,14.54458341,Gennady Golovkin,74.87242013,66.35032212,73.30361106,21.58792649,10-Sep-16,179,153,0,0,149.14,159.66,Golovkin won via TKO in round 5,5,TKO,Golovkin
22,5,Kell Brook ,67.0407062,63.94004059,73.03108529,14.59946792,Gennady Golovkin,75.86076686,65.61903152,72.85384658,21.76337131,10-Sep-16,179,153,0,0,149.14,159.66,Golovkin won via TKO in round 5,5,TKO,Golovkin
23,1,Jorge Linares ,71,61.2,75,11.07,Anthony Crolla,71,58,75,5.73,24-Sep-16,244,227,6.98,2.63,128.77,135.02,Linares won via UD in round 12,12,UD,Linares
23,2,Jorge Linares ,68.58448543,61.22679997,75.57368611,11.24455702,Anthony Crolla,72.52070606,57.92352122,73.6967577,5.937270719,24-Sep-16,244,227,6.98,2.63,128.77,135.02,Linares won via UD in round 12,12,UD,Linares
23,3,Jorge Linares ,67.70760458,59.89679881,75.82772933,11.42439635,Anthony Crolla,71.88355993,58.38482712,72.9068056,6.375318727,24-Sep-16,244,227,6.98,2.63,128.77,135.02,Linares won via UD in round 12,12,UD,Linares
23,4,Jorge Linares ,67.56561251,59.944827,75.10058982,11.61812855,Anthony Crolla,66.27591023,57.84889317,72.57702428,6.612603681,24-Sep-16,244,227,6.98,2.63,128.77,135.02,Linares won via UD in round 12,12,UD,Linares
23,5,Jorge Linares ,66.60892728,60.32018256,74.28396748,11.75883538,Anthony Crolla,65.13792881,58.29128833,71.93987794,6.729848042,24-Sep-16,244,227,6.98,2.63,128.77,135.02,Linares won via UD in round 12,12,UD,Linares
23,6,Jorge Linares ,67.64066043,59.4320847,73.75381956,11.95595366,Anthony Crolla,64.82546461,57.98946851,71.73332762,6.972013461,24-Sep-16,244,227,6.98,2.63,128.77,135.02,Linares won via UD in round 12,12,UD,Linares
23,7,Jorge Linares ,66.49986283,60.9984662,73.68358529,12.17734833,Anthony Crolla,64.29912921,58.46551554,70.52795995,7.125297759,24-Sep-16,244,227,6.98,2.63,128.77,135.02,Linares won via UD in round 12,12,UD,Linares
23,8,Jorge Linares ,67.86201265,60.63851945,73.50795514,12.3103006,Anthony Crolla,64.49672835,57.81261706,70.80034725,7.280758103,24-Sep-16,244,227,6.98,2.63,128.77,135.02,Linares won via UD in round 12,12,UD,Linares
23,9,Jorge Linares ,62.77606979,59.1313126,73.36500985,12.4633309,Anthony Crolla,65.44453381,56.84378432,70.04382715,7.47645722,24-Sep-16,244,227,6.98,2.63,128.77,135.02,Linares won via UD in round 12,12,UD,Linares
23,10,Jorge Linares ,63.6536853,59.55639561,73.27369996,12.62287059,Anthony Crolla,65.04409246,55.31610236,69.4618242,7.649936477,24-Sep-16,244,227,6.98,2.63,128.77,135.02,Linares won via UD in round 12,12,UD,Linares
23,11,Jorge Linares ,60.42230557,58.94745801,72.84724852,12.83063644,Anthony Crolla,66.57764042,55.73971498,68.74556063,7.927774557,24-Sep-16,244,227,6.98,2.63,128.77,135.02,Linares won via UD in round 12,12,UD,Linares
23,12,Jorge Linares ,62.53956465,59.14849832,72.08310425,13.06469854,Anthony Crolla,65.56647757,54.32632323,68.75615935,8.176278492,24-Sep-16,244,227,6.98,2.63,128.77,135.02,Linares won via UD in round 12,12,UD,Linares
24,1,Saul Alvarez ,72,58.6,75,9.97,Liam Smith,72,55.3,75,10.32,17-Sep-16,331,126,0,0,152.71,154.61,Alvarez won via KO in round 9,9,KO,Alvarez
24,2,Saul Alvarez ,73.2603598,58.10513639,75.39402749,10.20351177,Liam Smith,71.65227327,56.40486019,74.70413888,10.68496961,17-Sep-16,331,126,0,0,152.71,154.61,Alvarez won via KO in round 9,9,KO,Alvarez
24,3,Saul Alvarez ,73.19945582,58.17543081,75.33358169,10.48819099,Liam Smith,70.71096237,56.61000607,73.98739038,10.97244672,17-Sep-16,331,126,0,0,152.71,154.61,Alvarez won via KO in round 9,9,KO,Alvarez
24,4,Saul Alvarez ,72.67346274,57.78456581,75.81609737,10.80716986,Liam Smith,72.61229869,56.14660016,74.42862831,11.37987915,17-Sep-16,331,126,0,0,152.71,154.61,Alvarez won via KO in round 9,9,KO,Alvarez
24,5,Saul Alvarez ,70.9536864,58.88100303,75.68849656,11.04494801,Liam Smith,73.99614712,55.59798612,74.27686774,11.65069645,17-Sep-16,331,126,0,0,152.71,154.61,Alvarez won via KO in round 9,9,KO,Alvarez
24,6,Saul Alvarez ,70.79329092,58.42381554,75.53896635,11.23856265,Liam Smith,77.85348286,52.3392065,74.11731186,11.96880061,17-Sep-16,331,126,0,0,152.71,154.61,Alvarez won via KO in round 9,9,KO,Alvarez
24,7,Saul Alvarez ,68.65364037,59.48673451,75.81965182,11.44037635,Liam Smith,77.78037951,50.48138689,74.02541763,12.36274,17-Sep-16,331,126,0,0,152.71,154.61,Alvarez won via KO in round 9,9,KO,Alvarez
24,8,Saul Alvarez ,66.35345613,60.91006764,76.5741729,11.61409009,Liam Smith,79.79762376,50.70490467,74.38314477,12.71772773,17-Sep-16,331,126,0,0,152.71,154.61,Alvarez won via KO in round 9,9,KO,Alvarez
24,9,Saul Alvarez ,63.24884561,63.23356281,76.48898736,11.7949906,Liam Smith,79.0488126,50.5966425,74.3192534,13.10204847,17-Sep-16,331,126,0,0,152.71,154.61,Alvarez won via KO in round 9,9,KO,Alvarez
25,1,Sergey Kovalev ,81,57.8,75,22.81,Andre Ward,81,63,75,6.88,19-Nov-16,114,218,0,0,175,166.41,Ward won via UD in round 12,12,UD,Ward
25,2,Sergey Kovalev ,83.45834384,56.88823298,73.99284501,23.18712451,Andre Ward,81.31519401,64.38353634,75.65298991,7.088691665,19-Nov-16,114,218,0,0,175,166.41,Ward won via UD in round 12,12,UD,Ward
25,3,Sergey Kovalev ,84.28745474,57.53236005,73.31971461,23.57044697,Andre Ward,79.14719798,65.50266886,74.92093505,7.299064418,19-Nov-16,114,218,0,0,175,166.41,Ward won via UD in round 12,12,UD,Ward
25,4,Sergey Kovalev ,81.1305818,58.07712379,73.29356298,24.01708747,Andre Ward,79.84682016,66.93563356,75.68818734,7.587546063,19-Nov-16,114,218,0,0,175,166.41,Ward won via UD in round 12,12,UD,Ward
25,5,Sergey Kovalev ,81.84713091,57.1695758,73.18339202,24.28573376,Andre Ward,80.78615167,67.19572695,75.47914387,7.669630038,19-Nov-16,114,218,0,0,175,166.41,Ward won via UD in round 12,12,UD,Ward
25,6,Sergey Kovalev ,82.35302342,57.83847496,72.54552345,24.55979113,Andre Ward,81.80755816,66.50450009,75.78409448,7.896789909,19-Nov-16,114,218,0,0,175,166.41,Ward won via UD in round 12,12,UD,Ward
25,7,Sergey Kovalev ,78.80736826,56.42535675,72.9660154,24.94238309,Andre Ward,78.03840342,67.44974275,75.6747832,8.34566523,19-Nov-16,114,218,0,0,175,166.41,Ward won via UD in round 12,12,UD,Ward
25,8,Sergey Kovalev ,75.83177909,56.68105587,71.67444073,25.28902191,Andre Ward,79.36958725,68.19824926,75.85669567,8.543008552,19-Nov-16,114,218,0,0,175,166.41,Ward won via UD in round 12,12,UD,Ward
25,9,Sergey Kovalev ,77.55749294,56.03938263,72.1271599,25.71192313,Andre Ward,78.12872792,68.9580752,76.18425094,8.804587062,19-Nov-16,114,218,0,0,175,166.41,Ward won via UD in round 12,12,UD,Ward
25,10,Sergey Kovalev ,74.72182249,54.58709501,71.46993216,26.09290483,Andre Ward,75.65559305,70.34269701,75.30083042,8.993711617,19-Nov-16,114,218,0,0,175,166.41,Ward won via UD in round 12,12,UD,Ward
25,11,Sergey Kovalev ,75.89198034,55.49623198,71.91966843,26.49068906,Andre Ward,79.80571004,70.5668192,75.58619712,9.189185095,19-Nov-16,114,218,0,0,175,166.41,Ward won via UD in round 12,12,UD,Ward
25,12,Sergey Kovalev ,77.27158239,55.35960667,71.27559916,26.79874016,Andre Ward,77.31384325,69.66933628,75.46882284,9.257219159,19-Nov-16,114,218,0,0,175,166.41,Ward won via UD in round 12,12,UD,Ward
26,1,Andy Ruiz Jr ,72,54.3,75,16.38,Joseph Parker,72,61.5,75,20.69,10-Dec-16,116,87,0,0,248.4,246.11,Parker won via MD in round 12,12,MD,Parker
26,2,Andy Ruiz Jr ,69.80417155,54.79858451,74.65077201,16.66781943,Joseph Parker,71.50967589,61.81898392,75.01556697,20.94791562,10-Dec-16,116,87,0,0,248.4,246.11,Parker won via MD in round 12,12,MD,Parker
26,3,Andy Ruiz Jr ,71.04321016,53.95422923,74.76517362,16.87350472,Joseph Parker,72.00159845,63.18086966,74.28804967,21.24516094,10-Dec-16,116,87,0,0,248.4,246.11,Parker won via MD in round 12,12,MD,Parker
26,4,Andy Ruiz Jr ,68.08818489,51.98012371,74.60737286,17.16026238,Joseph Parker,70.83318114,62.81588891,74.12859044,21.43951724,10-Dec-16,116,87,0,0,248.4,246.11,Parker won via MD in round 12,12,MD,Parker
26,5,Andy Ruiz Jr ,70.47192817,51.63834161,75.0842501,17.54556739,Joseph Parker,65.22556723,62.20295638,73.94928201,21.5621608,10-Dec-16,116,87,0,0,248.4,246.11,Parker won via MD in round 12,12,MD,Parker
26,6,Andy Ruiz Jr ,68.99005171,51.72678068,74.46180347,17.89538152,Joseph Parker,65.82544655,61.30568268,74.47315291,21.73588391,10-Dec-16,116,87,0,0,248.4,246.11,Parker won via MD in round 12,12,MD,Parker
26,7,Andy Ruiz Jr ,66.33053104,50.40030681,74.40620015,18.20024578,Joseph Parker,63.74788094,61.17341491,74.40194447,21.95431815,10-Dec-16,116,87,0,0,248.4,246.11,Parker won via MD in round 12,12,MD,Parker
26,8,Andy Ruiz Jr ,66.3557774,50.16964172,73.94187825,18.48100691,Joseph Parker,62.93413617,58.8400392,73.55211156,22.06519056,10-Dec-16,116,87,0,0,248.4,246.11,Parker won via MD in round 12,12,MD,Parker
26,9,Andy Ruiz Jr ,69.09609489,49.8517466,73.08263355,18.73093087,Joseph Parker,63.28666676,58.25520293,73.04492729,22.19612643,10-Dec-16,116,87,0,0,248.4,246.11,Parker won via MD in round 12,12,MD,Parker
26,10,Andy Ruiz Jr ,66.39246514,48.65165645,72.25209159,18.92666874,Joseph Parker,63.09405668,57.10377066,72.64596675,22.33421757,10-Dec-16,116,87,0,0,248.4,246.11,Parker won via MD in round 12,12,MD,Parker
26,11,Andy Ruiz Jr ,67.23059664,49.01169796,71.92679137,19.2066265,Joseph Parker,59.81754919,57.75895525,71.78721901,22.53454205,10-Dec-16,116,87,0,0,248.4,246.11,Parker won via MD in round 12,12,MD,Parker
26,12,Andy Ruiz Jr ,65.10623337,49.1104323,71.84007316,19.55026371,Joseph Parker,58.1811775,56.40050458,71.71687578,22.71484862,10-Dec-16,116,87,0,0,248.4,246.11,Parker won via MD in round 12,12,MD,Parker
27,1,Deontay Wilder ,89,60.9,75,33.64,Gerald Washington,89,57.7,75,15.38,25-Feb-17,107,78,0,0,242.79,247.53,Wilder won via TKO in round 5,5,TKO,Wilder
27,2,Deontay Wilder ,91.02933354,60.925225,74.73076634,34.17612344,Gerald Washington,89.40017158,58.44522161,74.87481452,15.76094664,25-Feb-17,107,78,0,0,242.79,247.53,Wilder won via TKO in round 5,5,TKO,Wilder
27,3,Deontay Wilder ,89.22876468,59.62204177,74.26320938,34.59798997,Gerald Washington,90.50517039,57.41650508,74.93841916,16.27979601,25-Feb-17,107,78,0,0,242.79,247.53,Wilder won via TKO in round 5,5,TKO,Wilder
27,4,Deontay Wilder ,89.92962502,59.73788683,74.01033406,34.97991303,Gerald Washington,87.16751435,58.67841588,75.41499966,16.70955573,25-Feb-17,107,78,0,0,242.79,247.53,Wilder won via TKO in round 5,5,TKO,Wilder
27,5,Deontay Wilder ,91.68427969,60.35416845,73.44814426,35.44611769,Gerald Washington,86.1649688,57.69256819,74.92981584,17.14635328,25-Feb-17,107,78,0,0,242.79,247.53,Wilder won via TKO in round 5,5,TKO,Wilder
28,1,Daniel Dubois ,0,0,75,0,Marcus Kelly,0,0,75,0,8-Apr-17,0,0,0,0,0,0,Dubois won via TKO in round 1,1,TKO,Dubois
29,1,Adrian Granados ,61,52.7,75,8.28,Shawn Porter,61,62.4,75,9.29,4-Nov-17,145,183,0,0,141.39,152.53,Porter won via UD in round 12,12,UD,Porter
29,2,Adrian Granados ,58.70208199,52.20967011,74.72804831,8.483171367,Shawn Porter,60.86048747,61.81187675,74.81511361,9.414583705,4-Nov-17,145,183,0,0,141.39,152.53,Porter won via UD in round 12,12,UD,Porter
29,3,Adrian Granados ,58.56497542,53.50624432,74.30238244,8.634711233,Shawn Porter,61.25880432,63.33950441,74.05910176,9.604734616,4-Nov-17,145,183,0,0,141.39,152.53,Porter won via UD in round 12,12,UD,Porter
29,4,Adrian Granados ,59.64954412,53.58671662,74.22027643,8.843336045,Shawn Porter,62.10182924,61.49417587,73.72057814,9.682164957,4-Nov-17,145,183,0,0,141.39,152.53,Porter won via UD in round 12,12,UD,Porter
29,5,Adrian Granados ,56.32568372,54.35001241,74.24723537,9.080428587,Shawn Porter,59.73582834,59.65628938,73.27352712,9.797870599,4-Nov-17,145,183,0,0,141.39,152.53,Porter won via UD in round 12,12,UD,Porter
29,6,Adrian Granados ,54.62864829,52.20807236,73.80494061,9.183606782,Shawn Porter,58.58873899,57.29517576,73.29427839,9.969615916,4-Nov-17,145,183,0,0,141.39,152.53,Porter won via UD in round 12,12,UD,Porter
29,7,Adrian Granados ,58.57417318,51.49460579,73.49710368,9.391936765,Shawn Porter,59.66802474,57.76591627,73.19453155,10.18949766,4-Nov-17,145,183,0,0,141.39,152.53,Porter won via UD in round 12,12,UD,Porter
29,8,Adrian Granados ,59.31486624,51.86767244,74.61395846,9.60355264,Shawn Porter,57.41511377,56.23931158,73.16345051,10.36458729,4-Nov-17,145,183,0,0,141.39,152.53,Porter won via UD in round 12,12,UD,Porter
29,9,Adrian Granados ,62.62521731,51.82139084,73.68444748,9.693592374,Shawn Porter,55.42208086,55.9759177,73.12510533,10.52951186,4-Nov-17,145,183,0,0,141.39,152.53,Porter won via UD in round 12,12,UD,Porter
29,10,Adrian Granados ,63.42458441,50.52214098,73.50543367,10.02206059,Shawn Porter,56.67519386,56.60930568,71.71070156,10.74474767,4-Nov-17,145,183,0,0,141.39,152.53,Porter won via UD in round 12,12,UD,Porter
29,11,Adrian Granados ,63.61894977,49.93504353,72.34314535,10.2435254,Shawn Porter,57.08719915,55.73894534,70.95338936,10.93210625,4-Nov-17,145,183,0,0,141.39,152.53,Porter won via UD in round 12,12,UD,Porter
29,12,Adrian Granados ,61.96771383,50.31924926,72.38487402,10.5193469,Shawn Porter,57.24339118,56.5170353,70.72323159,11.07864591,4-Nov-17,145,183,0,0,141.39,152.53,Porter won via UD in round 12,12,UD,Porter
30,1,Horacio Garcia ,66,48.2,75,12.31,Carl Frampton,66,60.3,75,9.21,18-Nov-17,195,152,0,0,122.48,121.85,Frampton won via UD in round 10,10,UD,Frampton
30,2,Horacio Garcia ,69.98284512,45.86400703,74.99545723,12.63224067,Carl Frampton,69.02829624,59.58347227,74.21683066,9.394094728,18-Nov-17,195,152,0,0,122.48,121.85,Frampton won via UD in round 10,10,UD,Frampton
30,3,Horacio Garcia ,70.36023632,46.12214793,74.65725404,13.05676617,Carl Frampton,71.0212745,57.70550097,73.88992042,9.640850342,18-Nov-17,195,152,0,0,122.48,121.85,Frampton won via UD in round 10,10,UD,Frampton
30,4,Horacio Garcia ,64.95168185,45.01658167,74.39768177,13.43402159,Carl Frampton,74.47633449,56.78989517,74.44963122,9.882913715,18-Nov-17,195,152,0,0,122.48,121.85,Frampton won via UD in round 10,10,UD,Frampton
30,5,Horacio Garcia ,65.26464087,45.35592167,73.44342295,13.76176771,Carl Frampton,71.91429908,55.35556068,74.13908216,10.18640922,18-Nov-17,195,152,0,0,122.48,121.85,Frampton won via UD in round 10,10,UD,Frampton
30,6,Horacio Garcia ,65.81297691,46.38225754,73.18663908,14.17359527,Carl Frampton,70.76849542,56.10778383,74.03385274,10.47600981,18-Nov-17,195,152,0,0,122.48,121.85,Frampton won via UD in round 10,10,UD,Frampton
30,7,Horacio Garcia ,64.74992071,46.0323594,73.06674614,14.47685024,Carl Frampton,69.06338648,54.5117679,72.85418942,10.76311825,18-Nov-17,195,152,0,0,122.48,121.85,Frampton won via UD in round 10,10,UD,Frampton
30,8,Horacio Garcia ,65.68179681,44.3865721,72.86392436,14.77166499,Carl Frampton,68.61405822,55.57679109,72.79973633,11.08422437,18-Nov-17,195,152,0,0,122.48,121.85,Frampton won via UD in round 10,10,UD,Frampton
30,9,Horacio Garcia ,64.08764933,45.23801748,73.1900342,15.20019894,Carl Frampton,68.19603097,54.45846704,72.74455665,11.36758772,18-Nov-17,195,152,0,0,122.48,121.85,Frampton won via UD in round 10,10,UD,Frampton
30,10,Horacio Garcia ,63.06005574,44.97041827,72.21424255,15.50333612,Carl Frampton,66.0612455,54.12971773,73.54494747,11.58477727,18-Nov-17,195,152,0,0,122.48,121.85,Frampton won via UD in round 10,10,UD,Frampton
31,1,Yoan Boyeaux ,65,47.8,75,12.35,Naoya Inoue,65,62.4,75,13.64,30-Dec-17,162,88,0,0,119.97,109.2,Inoue won via TKO in round 3,3,TKO,Inoue
31,2,Yoan Boyeaux ,67.44435718,47.27293108,75.5411553,12.60484734,Naoya Inoue,64.166277,63.30887347,74.88520972,13.82562098,30-Dec-17,162,88,0,0,119.97,109.2,Inoue won via TKO in round 3,3,TKO,Inoue
31,3,Yoan Boyeaux ,66.81196653,47.28416458,75.28486018,12.96179277,Naoya Inoue,61.29518313,62.35048417,75.22996369,13.98520827,30-Dec-17,162,88,0,0,119.97,109.2,Inoue won via TKO in round 3,3,TKO,Inoue
32,1,Luis Ortiz ,75,63.9,75,19.67,Deontay Wilder,75,61.9,75,33.63,3-Mar-18,122,113,0,0,237.75,243.1,Wilder won via TKO in round 10,10,TKO,Wilder
32,2,Luis Ortiz ,74.22818675,63.49121726,75.17745008,19.89480943,Deontay Wilder,74.67870082,62.33749464,74.02981028,33.85151839,3-Mar-18,122,113,0,0,237.75,243.1,Wilder won via TKO in round 10,10,TKO,Wilder
32,3,Luis Ortiz ,73.87809709,61.54526246,75.86445476,20.16459027,Deontay Wilder,75.89828775,61.6609749,72.56226854,34.06189093,3-Mar-18,122,113,0,0,237.75,243.1,Wilder won via TKO in round 10,10,TKO,Wilder
32,4,Luis Ortiz ,75.04267278,59.33980494,75.65403642,20.38814965,Deontay Wilder,77.03034056,60.93438599,72.15995012,34.33416426,3-Mar-18,122,113,0,0,237.75,243.1,Wilder won via TKO in round 10,10,TKO,Wilder
32,5,Luis Ortiz ,71.78990016,59.76723531,76.07110182,20.63924693,Deontay Wilder,77.9692733,60.14329524,72.19792934,34.66298174,3-Mar-18,122,113,0,0,237.75,243.1,Wilder won via TKO in round 10,10,TKO,Wilder
32,6,Luis Ortiz ,70.83151981,61.1786973,75.04619786,20.91632911,Deontay Wilder,75.43155414,59.781423,71.72877679,35.00109961,3-Mar-18,122,113,0,0,237.75,243.1,Wilder won via TKO in round 10,10,TKO,Wilder
32,7,Luis Ortiz ,69.70347716,60.76338646,74.54071069,21.19246111,Deontay Wilder,71.91500083,61.02059293,72.20178584,35.25681425,3-Mar-18,122,113,0,0,237.75,243.1,Wilder won via TKO in round 10,10,TKO,Wilder
32,8,Luis Ortiz ,66.94914194,61.42599595,75.0439427,21.32707599,Deontay Wilder,70.07525237,59.81210548,71.93351551,35.4796975,3-Mar-18,122,113,0,0,237.75,243.1,Wilder won via TKO in round 10,10,TKO,Wilder
32,9,Luis Ortiz ,64.19533355,61.71754143,74.36578814,21.47251124,Deontay Wilder,69.80052927,57.63688792,71.81278887,35.72343952,3-Mar-18,122,113,0,0,237.75,243.1,Wilder won via TKO in round 10,10,TKO,Wilder
32,10,Luis Ortiz ,62.80462802,61.0730572,74.51763723,21.59530993,Deontay Wilder,66.09932234,57.61286101,71.64026519,35.97448332,3-Mar-18,122,113,0,0,237.75,243.1,Wilder won via TKO in round 10,10,TKO,Wilder
33,1,Joseph Parker ,78,63,75,14.63,Anthony Joshua,78,68.6,75,30.77,31-Mar-18,123,65,0,0,247.77,237.26,Joshua won via UD in round 12,12,UD,Joshua
33,2,Joseph Parker ,77.47356742,63.0849492,74.97336186,14.88341936,Anthony Joshua,78.48501004,68.35463258,74.44566296,30.98608646,31-Mar-18,123,65,0,0,247.77,237.26,Joshua won via UD in round 12,12,UD,Joshua
33,3,Joseph Parker ,79.2739235,62.748417,74.70546115,15.19966964,Anthony Joshua,76.05816639,68.14802588,74.0717124,31.2092452,31-Mar-18,123,65,0,0,247.77,237.26,Joshua won via UD in round 12,12,UD,Joshua
33,4,Joseph Parker ,80.75800622,61.74774725,74.00993181,15.45611649,Anthony Joshua,73.35998448,67.56494946,73.32684506,31.39770477,31-Mar-18,123,65,0,0,247.77,237.26,Joshua won via UD in round 12,12,UD,Joshua
33,5,Joseph Parker ,77.90645443,59.6665503,73.96523557,15.76891391,Anthony Joshua,73.913799,67.50536945,73.57602629,31.6134193,31-Mar-18,123,65,0,0,247.77,237.26,Joshua won via UD in round 12,12,UD,Joshua
33,6,Joseph Parker ,78.69155394,59.36489093,73.96981705,16.05668386,Anthony Joshua,73.63778173,68.20368279,73.97188469,31.73965408,31-Mar-18,123,65,0,0,247.77,237.26,Joshua won via UD in round 12,12,UD,Joshua
33,7,Joseph Parker ,76.27133802,59.84302316,74.15037736,16.2934158,Anthony Joshua,74.9220772,68.68164176,74.24284195,31.87869551,31-Mar-18,123,65,0,0,247.77,237.26,Joshua won via UD in round 12,12,UD,Joshua
33,8,Joseph Parker ,77.52592733,57.76965172,73.9275337,16.56720345,Anthony Joshua,79.23993889,65.78739159,74.04627347,32.07579099,31-Mar-18,123,65,0,0,247.77,237.26,Joshua won via UD in round 12,12,UD,Joshua
33,9,Joseph Parker ,76.76981479,58.56588945,73.09992477,16.88185435,Anthony Joshua,78.44054424,66.23526488,73.90829087,32.30118236,31-Mar-18,123,65,0,0,247.77,237.26,Joshua won via UD in round 12,12,UD,Joshua
33,10,Joseph Parker ,81.37641977,56.78758315,72.58663099,17.19634138,Anthony Joshua,80.76061085,65.64135307,74.01363019,32.5203682,31-Mar-18,123,65,0,0,247.77,237.26,Joshua won via UD in round 12,12,UD,Joshua
33,11,Joseph Parker ,81.27632621,55.95427755,72.25361483,17.63350398,Anthony Joshua,78.14084509,64.73551437,73.28520948,32.82814795,31-Mar-18,123,65,0,0,247.77,237.26,Joshua won via UD in round 12,12,UD,Joshua
33,12,Joseph Parker ,80.41483526,55.90583286,72.23838594,18.04580811,Anthony Joshua,74.53665986,63.4570249,73.09881866,33.00999659,31-Mar-18,123,65,0,0,247.77,237.26,Joshua won via UD in round 12,12,UD,Joshua
34,1,Vanes Martirosyan ,67,62.9,75,9.38,Gennady Golovkin,67,67,75,18.13,5-May-18,224,182,0,0,164.37,159.66,Golovkin won via KO in round 2,2,KO,Golovkin
34,2,Vanes Martirosyan ,65.49022395,62.29507732,75.47303912,9.533123165,Gennady Golovkin,65.4534254,66.0367822,75.02361052,18.23902745,5-May-18,224,182,0,0,164.37,159.66,Golovkin won via KO in round 2,2,KO,Golovkin
35,1,Lee Selby ,60,60.4,75,4.35,Josh Warrington,60,57.6,75,3.11,19-May-18,207,193,0,0,128.39,127.08,Warrington won via SD in round 12,12,SD,Warrington
35,2,Lee Selby ,58.4124423,59.82032656,75.3326163,4.549391437,Josh Warrington,61.71275908,55.97085042,75.30084706,3.188534806,19-May-18,207,193,0,0,128.39,127.08,Warrington won via SD in round 12,12,SD,Warrington
35,3,Lee Selby ,56.62621814,59.54084831,74.97052407,4.751519314,Josh Warrington,60.21519703,58.29360727,75.35617985,3.364907498,19-May-18,207,193,0,0,128.39,127.08,Warrington won via SD in round 12,12,SD,Warrington
35,4,Lee Selby ,57.30774613,57.46022159,74.55346972,4.732882907,Josh Warrington,61.67272839,57.74979861,75.46708433,3.490112735,19-May-18,207,193,0,0,128.39,127.08,Warrington won via SD in round 12,12,SD,Warrington
35,5,Lee Selby ,56.62181566,57.86418604,73.90622491,4.794465464,Josh Warrington,56.4622793,57.92218624,75.01134423,3.623326501,19-May-18,207,193,0,0,128.39,127.08,Warrington won via SD in round 12,12,SD,Warrington
35,6,Lee Selby ,58.633384,56.59955606,74.16011685,4.923214316,Josh Warrington,55.9698737,58.96473717,74.95907499,3.775760058,19-May-18,207,193,0,0,128.39,127.08,Warrington won via SD in round 12,12,SD,Warrington
35,7,Lee Selby ,59.89543025,57.30210106,74.5300721,5.134553804,Josh Warrington,56.7280023,58.76633557,75.09463542,3.86410023,19-May-18,207,193,0,0,128.39,127.08,Warrington won via SD in round 12,12,SD,Warrington
35,8,Lee Selby ,59.98623327,57.17386208,73.85237746,5.227316279,Josh Warrington,53.72937779,58.81397082,73.75572859,3.918933261,19-May-18,207,193,0,0,128.39,127.08,Warrington won via SD in round 12,12,SD,Warrington
35,9,Lee Selby ,58.28346727,56.73804595,73.15874107,5.427774355,Josh Warrington,53.11029511,58.35321133,73.34554783,4.048738238,19-May-18,207,193,0,0,128.39,127.08,Warrington won via SD in round 12,12,SD,Warrington
35,10,Lee Selby ,56.19334824,56.77851056,73.39395598,5.518326812,Josh Warrington,50.47106752,55.43956786,73.53577378,4.131836591,19-May-18,207,193,0,0,128.39,127.08,Warrington won via SD in round 12,12,SD,Warrington
35,11,Lee Selby ,57.73913619,54.37007598,73.3088373,5.721090949,Josh Warrington,49.75408921,54.74834355,72.49227403,4.166837496,19-May-18,207,193,0,0,128.39,127.08,Warrington won via SD in round 12,12,SD,Warrington
35,12,Lee Selby ,58.35001217,54.98495478,72.83213899,5.903156169,Josh Warrington,50.26891743,54.46715965,71.58281884,4.284342179,19-May-18,207,193,0,0,128.39,127.08,Warrington won via SD in round 12,12,SD,Warrington
36,1,Jamie Mcdonnell ,60,58.5,75,5.31,Naoya Inoue,60,63.3,75,14.29,25-May-18,245,91,0,0,123.22,109.2,Inoue won via TKO in round 1,1,TKO,Inoue
37,1,Sefer Seferi ,68,43.3,75,26.09,Tyson Fury,68,65.6,75,12.33,9-Jun-18,69,146,0,0,197.91,248.92,Fury won via RTD in round 4,4,RTD,Fury
37,2,Sefer Seferi ,69.07275924,42.86536695,74.79180674,26.53245702,Tyson Fury,69.50320945,67.59600404,74.63706094,12.55244281,9-Jun-18,69,146,0,0,197.91,248.92,Fury won via RTD in round 4,4,RTD,Fury
37,3,Sefer Seferi ,69.36243664,43.78524208,74.56926813,26.9945463,Tyson Fury,68.52939159,68.21949716,73.94246504,12.71211187,9-Jun-18,69,146,0,0,197.91,248.92,Fury won via RTD in round 4,4,RTD,Fury
37,4,Sefer Seferi ,68.71106907,44.40299054,74.19687878,27.32362177,Tyson Fury,66.5020694,66.56738517,74.06997724,12.92598083,9-Jun-18,69,146,0,0,197.91,248.92,Fury won via RTD in round 4,4,RTD,Fury
38,1,Errol Spence Jr ,82,60.8,75,21.05,Carlos Ocampo,82,51.4,75,10.83,16-Jun-18,95,120,0,0,148.6,143.08,Spence Jr won via KO in round 1,1,KO,Spence Jr
39,1,Danny Garcia ,70,64.6,75,8.81,Shawn Porter,70,62.9,75,8.72,8-Sep-18,227,195,0,0,141.8,152.53,Porter won via UD in round 12,12,UD,Porter
39,2,Danny Garcia ,67.92298607,63.41612389,74.26374269,8.966092951,Shawn Porter,69.22499606,63.02759311,74.67846778,8.900082359,8-Sep-18,227,195,0,0,141.8,152.53,Porter won via UD in round 12,12,UD,Porter
39,3,Danny Garcia ,68.7542801,63.8283521,74.28521981,9.177822225,Shawn Porter,68.21678327,63.36648054,74.88900047,9.205438004,8-Sep-18,227,195,0,0,141.8,152.53,Porter won via UD in round 12,12,UD,Porter
39,4,Danny Garcia ,67.31652477,63.35564212,74.42624476,9.341576539,Shawn Porter,65.75016816,62.3590231,75.01107502,9.461379295,8-Sep-18,227,195,0,0,141.8,152.53,Porter won via UD in round 12,12,UD,Porter
39,5,Danny Garcia ,64.89327962,61.67799198,75.57503808,9.424068389,Shawn Porter,67.70346451,61.59131748,74.47195949,9.705055484,8-Sep-18,227,195,0,0,141.8,152.53,Porter won via UD in round 12,12,UD,Porter
39,6,Danny Garcia ,64.45191293,63.31230631,75.79379351,9.569078759,Shawn Porter,70.28915821,61.50584507,75.12230363,9.893417815,8-Sep-18,227,195,0,0,141.8,152.53,Porter won via UD in round 12,12,UD,Porter
39,7,Danny Garcia ,65.01857128,64.79726256,75.68860742,9.673051482,Shawn Porter,68.15335748,61.1552349,74.96226418,10.02766087,8-Sep-18,227,195,0,0,141.8,152.53,Porter won via UD in round 12,12,UD,Porter
39,8,Danny Garcia ,67.42235717,66.36625601,74.99632998,9.83275937,Shawn Porter,67.31036156,60.43662781,75.00790759,10.19626936,8-Sep-18,227,195,0,0,141.8,152.53,Porter won via UD in round 12,12,UD,Porter
39,9,Danny Garcia ,67.18105176,66.76789732,75.05967889,9.967313077,Shawn Porter,67.7748018,60.67291885,74.66824548,10.38779179,8-Sep-18,227,195,0,0,141.8,152.53,Porter won via UD in round 12,12,UD,Porter
39,10,Danny Garcia ,67.55755386,65.25736875,74.15746892,10.13218368,Shawn Porter,72.03783238,61.92094996,75.24562648,10.58837496,8-Sep-18,227,195,0,0,141.8,152.53,Porter won via UD in round 12,12,UD,Porter
39,11,Danny Garcia ,67.22962486,64.82575171,73.11944293,10.25592329,Shawn Porter,69.85827455,62.19207341,75.07865037,10.99254862,8-Sep-18,227,195,0,0,141.8,152.53,Porter won via UD in round 12,12,UD,Porter
39,12,Danny Garcia ,67.11403517,64.03942879,72.96008494,10.43360967,Shawn Porter,65.49448344,61.68924091,75.62050798,11.08889156,8-Sep-18,227,195,0,0,141.8,152.53,Porter won via UD in round 12,12,UD,Porter
40,1,Alexander Povetkin ,75,72.3,75,10.71,Anthony Joshua,75,69.4,75,25.97,22-Sep-18,224,77,0,0,235.57,237.26,Joshua won via TKO in round 7,7,TKO,Joshua
40,2,Alexander Povetkin ,73.98070267,72.33406794,74.6901812,10.81541141,Anthony Joshua,75.22917983,70.7925523,75.53568351,26.10213762,22-Sep-18,224,77,0,0,235.57,237.26,Joshua won via TKO in round 7,7,TKO,Joshua
40,3,Alexander Povetkin ,73.23622223,73.37259636,73.81601561,11.02916864,Anthony Joshua,77.62558318,70.40669664,74.54879861,26.33344928,22-Sep-18,224,77,0,0,235.57,237.26,Joshua won via TKO in round 7,7,TKO,Joshua
40,4,Alexander Povetkin ,74.56432012,71.83590844,72.86563543,11.16045175,Anthony Joshua,77.29451869,71.07374264,75.3183551,26.58688779,22-Sep-18,224,77,0,0,235.57,237.26,Joshua won via TKO in round 7,7,TKO,Joshua
40,5,Alexander Povetkin ,74.63691941,72.72211653,72.64686075,11.34442627,Anthony Joshua,76.08733163,70.63881951,74.62478889,26.73141836,22-Sep-18,224,77,0,0,235.57,237.26,Joshua won via TKO in round 7,7,TKO,Joshua
40,6,Alexander Povetkin ,76.71541238,73.59280572,72.85990757,11.51653585,Anthony Joshua,76.56639348,70.03954205,74.75391634,26.95440002,22-Sep-18,224,77,0,0,235.57,237.26,Joshua won via TKO in round 7,7,TKO,Joshua
40,7,Alexander Povetkin ,76.9773132,74.4954253,73.21101045,11.68038663,Anthony Joshua,76.79332,69.34089639,73.80495134,27.15163036,22-Sep-18,224,77,0,0,235.57,237.26,Joshua won via TKO in round 7,7,TKO,Joshua
41,1,Saul Alvarez ,72,59.7,75,9.34,Gennady Golovkin,72,67.3,75,18.48,15-Sep-18,364,184,0,0,153.13,159.66,Alvarez won via MD in round 12,12,MD,Alvarez
41,2,Saul Alvarez ,69.42436677,60.04597887,75.1864227,9.603800708,Gennady Golovkin,75.78144146,66.16902819,74.83820293,18.69879122,15-Sep-18,364,184,0,0,153.13,159.66,Alvarez won via MD in round 12,12,MD,Alvarez
41,3,Saul Alvarez ,66.84814112,58.99084158,74.74067055,9.829013761,Gennady Golovkin,74.27810805,66.46388165,74.42287734,18.86405739,15-Sep-18,364,184,0,0,153.13,159.66,Alvarez won via MD in round 12,12,MD,Alvarez
41,4,Saul Alvarez ,71.0611472,57.77017281,73.46224665,10.0278634,Gennady Golovkin,69.30376493,66.67852123,74.05192379,19.15597914,15-Sep-18,364,184,0,0,153.13,159.66,Alvarez won via MD in round 12,12,MD,Alvarez
41,5,Saul Alvarez ,68.88265854,55.29773291,72.82509267,10.27478294,Gennady Golovkin,66.57100912,65.89004161,74.25558993,19.29892152,15-Sep-18,364,184,0,0,153.13,159.66,Alvarez won via MD in round 12,12,MD,Alvarez
41,6,Saul Alvarez ,66.17826312,55.71339277,73.07891282,10.53026648,Gennady Golovkin,67.04712895,66.94282543,75.14399773,19.4370226,15-Sep-18,364,184,0,0,153.13,159.66,Alvarez won via MD in round 12,12,MD,Alvarez
41,7,Saul Alvarez ,62.71509125,56.0075639,72.45147547,10.72802474,Gennady Golovkin,64.87093806,65.55821042,74.67073134,19.54102016,15-Sep-18,364,184,0,0,153.13,159.66,Alvarez won via MD in round 12,12,MD,Alvarez
41,8,Saul Alvarez ,62.51330488,54.73141786,72.10413327,10.89429389,Gennady Golovkin,61.94894295,65.85600342,75.18267924,19.63862885,15-Sep-18,364,184,0,0,153.13,159.66,Alvarez won via MD in round 12,12,MD,Alvarez
41,9,Saul Alvarez ,62.7978723,53.58511196,71.48225331,11.06349767,Gennady Golovkin,59.36827602,64.28210634,75.36775504,19.72522098,15-Sep-18,364,184,0,0,153.13,159.66,Alvarez won via MD in round 12,12,MD,Alvarez
41,10,Saul Alvarez ,62.31997161,54.50006092,70.83781405,11.30911907,Gennady Golovkin,55.05856652,63.85835116,75.16791923,19.75705498,15-Sep-18,364,184,0,0,153.13,159.66,Alvarez won via MD in round 12,12,MD,Alvarez
41,11,Saul Alvarez ,60.50773761,53.11154508,71.1833795,11.50466775,Gennady Golovkin,52.11589978,63.10536517,74.61675927,19.75949852,15-Sep-18,364,184,0,0,153.13,159.66,Alvarez won via MD in round 12,12,MD,Alvarez
41,12,Saul Alvarez ,63.24935787,52.12455663,71.31187785,11.77824738,Gennady Golovkin,47.0098534,62.65603226,74.89110406,19.83433819,15-Sep-18,364,184,0,0,153.13,159.66,Alvarez won via MD in round 12,12,MD,Alvarez
42,1,Yvan Mendy ,60,54.1,75,6.42,Luke Campbell,60,59.6,75,13.27,22-Sep-18,296,113,0,0,139.83,135.24,Campbell won via UD in round 12,12,UD,Campbell
42,2,Yvan Mendy ,63.64870497,54.06528997,74.27399809,6.629117112,Luke Campbell,60.15572371,60.1556724,75.70088114,13.46926204,22-Sep-18,296,113,0,0,139.83,135.24,Campbell won via UD in round 12,12,UD,Campbell
42,3,Yvan Mendy ,65.34839502,55.6517948,74.47962484,6.924493462,Luke Campbell,57.15414012,61.85478125,75.57052038,13.57142469,22-Sep-18,296,113,0,0,139.83,135.24,Campbell won via UD in round 12,12,UD,Campbell
42,4,Yvan Mendy ,65.72673482,54.07429319,73.84893823,7.243410634,Luke Campbell,60.3654115,61.98363664,76.23591545,13.6443895,22-Sep-18,296,113,0,0,139.83,135.24,Campbell won via UD in round 12,12,UD,Campbell
42,5,Yvan Mendy ,66.63490945,53.10657267,73.29608106,7.44465443,Luke Campbell,58.40323988,59.71767256,76.59934811,13.70262345,22-Sep-18,296,113,0,0,139.83,135.24,Campbell won via UD in round 12,12,UD,Campbell
42,6,Yvan Mendy ,66.43185603,52.55655531,72.62519659,7.774167343,Luke Campbell,59.64595841,59.53756613,76.63556558,13.86981438,22-Sep-18,296,113,0,0,139.83,135.24,Campbell won via UD in round 12,12,UD,Campbell
42,7,Yvan Mendy ,65.9689889,53.01438701,72.23516524,8.058541803,Luke Campbell,58.17532565,58.77603254,76.31968641,14.04073816,22-Sep-18,296,113,0,0,139.83,135.24,Campbell won via UD in round 12,12,UD,Campbell
42,8,Yvan Mendy ,67.53603552,53.390111,72.50580586,8.235580492,Luke Campbell,56.72575424,58.30052226,76.51784866,14.19206992,22-Sep-18,296,113,0,0,139.83,135.24,Campbell won via UD in round 12,12,UD,Campbell
42,9,Yvan Mendy ,67.39044428,52.89830314,71.9807065,8.486475891,Luke Campbell,57.81935937,58.04957384,76.69915513,14.30803265,22-Sep-18,296,113,0,0,139.83,135.24,Campbell won via UD in round 12,12,UD,Campbell
42,10,Yvan Mendy ,70.24197587,53.02883774,71.70840319,8.818445056,Luke Campbell,56.05372929,59.55395832,75.56764964,14.46451115,22-Sep-18,296,113,0,0,139.83,135.24,Campbell won via UD in round 12,12,UD,Campbell
42,11,Yvan Mendy ,68.65098237,52.8676881,72.23183435,9.115403017,Luke Campbell,56.23706466,59.27673592,75.06194965,14.53864428,22-Sep-18,296,113,0,0,139.83,135.24,Campbell won via UD in round 12,12,UD,Campbell
42,12,Yvan Mendy ,66.55266982,52.01939536,71.50643625,9.424709912,Luke Campbell,59.34840529,58.87973666,74.6697063,14.58901971,22-Sep-18,296,113,0,0,139.83,135.24,Campbell won via UD in round 12,12,UD,Campbell
43,1,Juan Carlos Payano ,60,53.1,75,6.57,Naoya Inoue,60,64.3,75,15.22,7-Oct-18,137,92,0,0,119.18,109.2,Inoue won via KO in round 1,1,KO,Inoue
44,1,Josh Warrington ,53,58.1,75,2.93,Carl Frampton,53,61.3,75,8.2,22-Dec-18,205,183,0,0,127.08,121.85,Warrington won via UD in round 12,12,UD,Warrington
44,2,Josh Warrington ,51.50884296,57.71570755,74.12113897,3.061134891,Carl Frampton,49.69232193,60.60117607,74.7447891,8.195796077,22-Dec-18,205,183,0,0,127.08,121.85,Warrington won via UD in round 12,12,UD,Warrington
44,3,Josh Warrington ,51.20449703,58.88072858,74.41635689,3.199179888,Carl Frampton,46.47783593,59.10657159,74.28054521,8.190352246,22-Dec-18,205,183,0,0,127.08,121.85,Warrington won via UD in round 12,12,UD,Warrington
44,4,Josh Warrington ,48.03270149,59.16031221,74.03544629,3.247993165,Carl Frampton,48.81680632,57.52089044,74.27111968,8.171788734,22-Dec-18,205,183,0,0,127.08,121.85,Warrington won via UD in round 12,12,UD,Warrington
44,5,Josh Warrington ,46.33374655,59.07541671,73.88226203,3.160548106,Carl Frampton,48.50252916,56.55730591,74.47253338,8.128238162,22-Dec-18,205,183,0,0,127.08,121.85,Warrington won via UD in round 12,12,UD,Warrington
44,6,Josh Warrington ,47.53863273,58.92979128,73.19633121,3.108648702,Carl Frampton,48.31034331,56.28338141,74.80046506,8.164104372,22-Dec-18,205,183,0,0,127.08,121.85,Warrington won via UD in round 12,12,UD,Warrington
44,7,Josh Warrington ,45.65814295,57.04615636,73.06521424,3.203872659,Carl Frampton,48.80353609,56.38301536,74.27700869,8.206183527,22-Dec-18,205,183,0,0,127.08,121.85,Warrington won via UD in round 12,12,UD,Warrington
44,8,Josh Warrington ,45.54390612,57.27331109,72.1236111,3.147706417,Carl Frampton,48.03629369,57.20261922,74.19661918,8.273533802,22-Dec-18,205,183,0,0,127.08,121.85,Warrington won via UD in round 12,12,UD,Warrington
44,9,Josh Warrington ,43.25104035,57.69438107,71.48136012,3.197724238,Carl Frampton,52.22349652,57.31891733,74.17785971,8.337471582,22-Dec-18,205,183,0,0,127.08,121.85,Warrington won via UD in round 12,12,UD,Warrington
44,10,Josh Warrington ,42.31356534,57.77800455,70.76180007,3.148434418,Carl Frampton,54.819581,57.98040563,74.1470778,8.385080425,22-Dec-18,205,183,0,0,127.08,121.85,Warrington won via UD in round 12,12,UD,Warrington
44,11,Josh Warrington ,41.60524343,57.26929345,69.66743497,3.166835247,Carl Frampton,55.0336851,57.82191431,73.02893213,8.405685237,22-Dec-18,205,183,0,0,127.08,121.85,Warrington won via UD in round 12,12,UD,Warrington
44,12,Josh Warrington ,37.20585129,56.55405899,69.49499981,3.126757586,Carl Frampton,50.94491937,58.93642922,73.13810108,8.395135515,22-Dec-18,205,183,0,0,127.08,121.85,Warrington won via UD in round 12,12,UD,Warrington
45,1,James Degale ,69,66.8,75,7.58,Chris Eubank Jr,69,60.9,75,12.21,23-Feb-19,198,172,0,0,168.17,161.7,Eubank Jr won via UD in round 12,12,UD,Eubank Jr
45,2,James Degale ,69.43406317,66.56383194,74.67186978,7.689773898,Chris Eubank Jr,70.07863141,60.56354573,74.75435836,12.39535685,23-Feb-19,198,172,0,0,168.17,161.7,Eubank Jr won via UD in round 12,12,UD,Eubank Jr
45,3,James Degale ,66.39601262,67.12645995,74.18340244,7.838503494,Chris Eubank Jr,68.01650901,59.87345294,74.86127717,12.63596977,23-Feb-19,198,172,0,0,168.17,161.7,Eubank Jr won via UD in round 12,12,UD,Eubank Jr
45,4,James Degale ,67.06966882,67.36146022,73.78669747,7.933251538,Chris Eubank Jr,65.10519571,60.77130416,75.30684781,12.91724752,23-Feb-19,198,172,0,0,168.17,161.7,Eubank Jr won via UD in round 12,12,UD,Eubank Jr
45,5,James Degale ,67.08857065,65.88318146,73.73976671,8.070074198,Chris Eubank Jr,62.15800524,60.05812953,74.90205737,13.06149396,23-Feb-19,198,172,0,0,168.17,161.7,Eubank Jr won via UD in round 12,12,UD,Eubank Jr
45,6,James Degale ,67.08972679,65.30525741,72.67739885,8.113094009,Chris Eubank Jr,60.52860734,59.19811919,74.21677834,13.17984126,23-Feb-19,198,172,0,0,168.17,161.7,Eubank Jr won via UD in round 12,12,UD,Eubank Jr
45,7,James Degale ,64.00611012,65.37109564,72.40129722,8.230847004,Chris Eubank Jr,59.36453445,59.0917693,74.31959977,13.36995593,23-Feb-19,198,172,0,0,168.17,161.7,Eubank Jr won via UD in round 12,12,UD,Eubank Jr
45,8,James Degale ,61.94216601,65.62266268,71.39587673,8.392599484,Chris Eubank Jr,57.26289757,58.83431796,75.2874502,13.47799221,23-Feb-19,198,172,0,0,168.17,161.7,Eubank Jr won via UD in round 12,12,UD,Eubank Jr
45,9,James Degale ,62.34075803,64.45260016,71.14700276,8.543470145,Chris Eubank Jr,58.24375739,57.8359733,75.62013465,13.61311659,23-Feb-19,198,172,0,0,168.17,161.7,Eubank Jr won via UD in round 12,12,UD,Eubank Jr
45,10,James Degale ,64.54258822,65.64157055,71.13253637,8.655893047,Chris Eubank Jr,55.90733875,58.56116464,75.98300385,13.78323378,23-Feb-19,198,172,0,0,168.17,161.7,Eubank Jr won via UD in round 12,12,UD,Eubank Jr
45,11,James Degale ,64.9535774,65.08345944,70.43107449,8.831447717,Chris Eubank Jr,49.87118152,58.40499122,76.54294541,13.8682147,23-Feb-19,198,172,0,0,168.17,161.7,Eubank Jr won via UD in round 12,12,UD,Eubank Jr
45,12,James Degale ,65.84289495,66.04446319,71.06435414,9.051586421,Chris Eubank Jr,48.05489153,57.95069662,75.15142576,13.84324702,23-Feb-19,198,172,0,0,168.17,161.7,Eubank Jr won via UD in round 12,12,UD,Eubank Jr
46,1,Yordenis Ugas ,63,57.3,75,7.19,Shawn Porter,63,63.5,75,8.21,9-Mar-19,153,207,0,0,144.06,152.53,Porter won via SD in round 12,12,SD,Porter
46,2,Yordenis Ugas ,62.32548893,57.83532672,74.90605543,7.404067315,Shawn Porter,61.88518912,62.31807255,74.75232742,8.266201531,9-Mar-19,153,207,0,0,144.06,152.53,Porter won via SD in round 12,12,SD,Porter
46,3,Yordenis Ugas ,59.761287,59.02109737,75.30129356,7.605299997,Shawn Porter,62.13635909,61.54884218,74.95179402,8.40942547,9-Mar-19,153,207,0,0,144.06,152.53,Porter won via SD in round 12,12,SD,Porter
46,4,Yordenis Ugas ,58.91541035,59.58267782,74.7912506,7.692284773,Shawn Porter,60.61209506,60.90132664,75.0564904,8.577314885,9-Mar-19,153,207,0,0,144.06,152.53,Porter won via SD in round 12,12,SD,Porter
46,5,Yordenis Ugas ,53.95822006,59.47594104,73.43492224,7.810439155,Shawn Porter,61.06551218,60.92961241,73.96585666,8.705109938,9-Mar-19,153,207,0,0,144.06,152.53,Porter won via SD in round 12,12,SD,Porter
46,6,Yordenis Ugas ,54.34090123,59.96551779,73.74583205,7.918850392,Shawn Porter,57.72892144,60.70564678,73.43544004,8.83136435,9-Mar-19,153,207,0,0,144.06,152.53,Porter won via SD in round 12,12,SD,Porter
46,7,Yordenis Ugas ,52.12174552,60.55626677,73.57746942,7.900642014,Shawn Porter,54.86874966,60.2412876,73.99516042,9.02567815,9-Mar-19,153,207,0,0,144.06,152.53,Porter won via SD in round 12,12,SD,Porter
46,8,Yordenis Ugas ,51.39547182,58.47288039,72.8507242,7.91744172,Shawn Porter,49.39146996,58.28696535,73.08473278,9.038162141,9-Mar-19,153,207,0,0,144.06,152.53,Porter won via SD in round 12,12,SD,Porter
46,9,Yordenis Ugas ,49.72159467,59.09985613,72.61802128,7.935558426,Shawn Porter,53.04967156,59.00250137,72.82992638,9.132859467,9-Mar-19,153,207,0,0,144.06,152.53,Porter won via SD in round 12,12,SD,Porter
46,10,Yordenis Ugas ,47.9538758,58.22463184,72.5121318,8.005668503,Shawn Porter,57.07236597,59.33959129,73.51769465,9.15180646,9-Mar-19,153,207,0,0,144.06,152.53,Porter won via SD in round 12,12,SD,Porter
46,11,Yordenis Ugas ,46.61210766,57.58516528,72.571172,7.996930903,Shawn Porter,54.41372079,60.10754115,73.76357124,9.305050559,9-Mar-19,153,207,0,0,144.06,152.53,Porter won via SD in round 12,12,SD,Porter
46,12,Yordenis Ugas ,45.79076583,57.14254849,71.98856651,7.991354438,Shawn Porter,54.88524572,59.33644746,74.03838624,9.471680878,9-Mar-19,153,207,0,0,144.06,152.53,Porter won via SD in round 12,12,SD,Porter
47,1,Adrian Young ,63,39.8,75,16.13,Luke Campbell,63,60,75,12,15-Mar-19,93,125,0,0,124.01,135.24,Campbell won via TKO in round 5,5,TKO,Campbell
47,2,Adrian Young ,64.98081486,38.11918578,75.03733844,16.48761732,Luke Campbell,68.30843218,59.43170872,74.87404642,12.14466025,15-Mar-19,93,125,0,0,124.01,135.24,Campbell won via TKO in round 5,5,TKO,Campbell
47,3,Adrian Young ,64.65501473,37.63681759,74.20450331,16.89761111,Luke Campbell,66.52331191,59.97928054,74.41026036,12.35917579,15-Mar-19,93,125,0,0,124.01,135.24,Campbell won via TKO in round 5,5,TKO,Campbell
47,4,Adrian Young ,66.85847199,38.97338332,74.24446942,17.25995477,Luke Campbell,65.45955144,56.85080589,74.53572552,12.56045276,15-Mar-19,93,125,0,0,124.01,135.24,Campbell won via TKO in round 5,5,TKO,Campbell
47,5,Adrian Young ,65.19243876,38.06195134,74.34614444,17.65579514,Luke Campbell,63.25267739,57.91390598,73.70427743,12.68496426,15-Mar-19,93,125,0,0,124.01,135.24,Campbell won via TKO in round 5,5,TKO,Campbell
48,1,Mikey Garcia ,75,63.5,75,14.02,Errol Spence Jr,75,61.5,75,21.88,16-Mar-19,214,96,0,0,127.69,148.6,Spence Jr won via UD in round 12,12,UD,Spence Jr
48,2,Mikey Garcia ,73.12616071,62.01566448,75.19483865,14.26429819,Errol Spence Jr,72.18107446,60.76109436,74.8795671,22.11526997,16-Mar-19,214,96,0,0,127.69,148.6,Spence Jr won via UD in round 12,12,UD,Spence Jr
48,3,Mikey Garcia ,71.88603782,61.72500084,74.51930886,14.50851484,Errol Spence Jr,74.10581015,60.75372679,74.66154587,22.29994113,16-Mar-19,214,96,0,0,127.69,148.6,Spence Jr won via UD in round 12,12,UD,Spence Jr
48,4,Mikey Garcia ,71.76671751,61.35326208,74.317883,14.68211772,Errol Spence Jr,71.73452958,60.91456411,74.29536414,22.61546239,16-Mar-19,214,96,0,0,127.69,148.6,Spence Jr won via UD in round 12,12,UD,Spence Jr
48,5,Mikey Garcia ,73.13710105,59.56742262,75.23215395,14.99586962,Errol Spence Jr,67.96714237,60.94975691,73.83303542,22.92535378,16-Mar-19,214,96,0,0,127.69,148.6,Spence Jr won via UD in round 12,12,UD,Spence Jr
48,6,Mikey Garcia ,73.6766303,57.91539399,75.24521586,15.17224626,Errol Spence Jr,68.32149845,59.62462709,72.97900626,23.13784255,16-Mar-19,214,96,0,0,127.69,148.6,Spence Jr won via UD in round 12,12,UD,Spence Jr
48,7,Mikey Garcia ,72.63674305,58.40618495,75.46552018,15.45528101,Errol Spence Jr,67.20745589,59.24079399,72.69614034,23.39266686,16-Mar-19,214,96,0,0,127.69,148.6,Spence Jr won via UD in round 12,12,UD,Spence Jr
48,8,Mikey Garcia ,71.66041555,58.36973723,74.4696276,15.70144724,Errol Spence Jr,64.55778644,62.4117036,72.64318078,23.58203409,16-Mar-19,214,96,0,0,127.69,148.6,Spence Jr won via UD in round 12,12,UD,Spence Jr
48,9,Mikey Garcia ,74.78546985,56.33163755,75.08418317,15.98841116,Errol Spence Jr,63.76823945,62.65383413,72.76026838,23.65153621,16-Mar-19,214,96,0,0,127.69,148.6,Spence Jr won via UD in round 12,12,UD,Spence Jr
48,10,Mikey Garcia ,73.56458147,58.26925444,74.86408336,16.39223483,Errol Spence Jr,59.13596768,62.26392722,72.97866947,23.80719096,16-Mar-19,214,96,0,0,127.69,148.6,Spence Jr won via UD in round 12,12,UD,Spence Jr
48,11,Mikey Garcia ,73.11419077,58.52267984,74.37690789,16.62445084,Errol Spence Jr,60.68701882,62.36711567,72.98446553,23.99502736,16-Mar-19,214,96,0,0,127.69,148.6,Spence Jr won via UD in round 12,12,UD,Spence Jr
48,12,Mikey Garcia ,68.61333989,57.60061115,74.54048067,16.84337224,Errol Spence Jr,58.06280368,61.27588002,72.97872167,24.12600399,16-Mar-19,214,96,0,0,127.69,148.6,Spence Jr won via UD in round 12,12,UD,Spence Jr
49,1,Andy Ruiz Jr ,71,56.7,75,14.58,Anthony Joshua,71,69.9,75,25,1-Jun-19,144,84,0,0,248.34,237.26,Ruiz Jr won via TKO in round 7,7,TKO,Ruiz Jr
49,2,Andy Ruiz Jr ,66.12566341,56.93780043,74.15505679,14.7867228,Anthony Joshua,68.32695815,69.68622356,74.37689878,25.15544529,1-Jun-19,144,84,0,0,248.34,237.26,Ruiz Jr won via TKO in round 7,7,TKO,Ruiz Jr
49,3,Andy Ruiz Jr ,69.07989052,57.79815824,73.580976,15.09115976,Anthony Joshua,67.75168652,70.83182521,74.33551102,25.24976912,1-Jun-19,144,84,0,0,248.34,237.26,Ruiz Jr won via TKO in round 7,7,TKO,Ruiz Jr
49,4,Andy Ruiz Jr ,67.52049567,58.52680659,74.069335,15.40262235,Anthony Joshua,63.77121186,70.07900393,73.84246726,25.40468613,1-Jun-19,144,84,0,0,248.34,237.26,Ruiz Jr won via TKO in round 7,7,TKO,Ruiz Jr
49,5,Andy Ruiz Jr ,69.52980757,57.93947203,73.59596724,15.68490894,Anthony Joshua,64.18593838,69.19119757,73.75642473,25.47910326,1-Jun-19,144,84,0,0,248.34,237.26,Ruiz Jr won via TKO in round 7,7,TKO,Ruiz Jr
49,6,Andy Ruiz Jr ,68.88636173,56.95703541,72.88346901,15.99791135,Anthony Joshua,64.34459392,68.59368536,74.14891872,25.62574531,1-Jun-19,144,84,0,0,248.34,237.26,Ruiz Jr won via TKO in round 7,7,TKO,Ruiz Jr
49,7,Andy Ruiz Jr ,69.90248338,58.13664975,72.37368781,16.26577163,Anthony Joshua,61.50368339,69.28980422,73.57542021,25.72360319,1-Jun-19,144,84,0,0,248.34,237.26,Ruiz Jr won via TKO in round 7,7,TKO,Ruiz Jr
50,1,Tyson Fury ,71,66.5,75,11.05,Tom Schwarz,71,47.7,75,17.98,15-Jun-19,172,89,0,0,247.5,232.91,Fury won via TKO in round 2,2,TKO,Fury
50,2,Tyson Fury ,72.50189046,66.69414326,74.79577779,11.22480685,Tom Schwarz,75.00141048,48.83663469,74.80520387,18.32196041,15-Jun-19,172,89,0,0,247.5,232.91,Fury won via TKO in round 2,2,TKO,Fury
51,1,Carl Frampton ,69,61.6,75,7.69,Tyler Mccreary,69,37.6,75,9.09,30-Nov-19,195,77,0,0,121.85,132.1,Frampton won via UD in round 10,10,UD,Frampton
51,2,Carl Frampton ,72.18334973,61.38992473,75.00139641,7.954469685,Tyler Mccreary,66.89275692,38.64157635,75.11296533,9.530556535,30-Nov-19,195,77,0,0,121.85,132.1,Frampton won via UD in round 10,10,UD,Frampton
51,3,Carl Frampton ,70.45684129,60.65444464,74.61034337,8.195963362,Tyler Mccreary,64.20293022,37.85516229,75.38951217,9.887777847,30-Nov-19,195,77,0,0,121.85,132.1,Frampton won via UD in round 10,10,UD,Frampton
51,4,Carl Frampton ,65.12371636,59.9362732,74.76394115,8.436525989,Tyler Mccreary,62.55918957,38.33833547,75.38019538,10.24430506,30-Nov-19,195,77,0,0,121.85,132.1,Frampton won via UD in round 10,10,UD,Frampton
51,5,Carl Frampton ,65.32499668,58.04940779,74.67220198,8.608843222,Tyler Mccreary,65.36441981,36.84756853,75.88803411,10.65032126,30-Nov-19,195,77,0,0,121.85,132.1,Frampton won via UD in round 10,10,UD,Frampton
51,6,Carl Frampton ,64.86567292,58.64219805,75.19624405,8.795636558,Tyler Mccreary,60.66927772,36.86773361,76.08854667,11.01646557,30-Nov-19,195,77,0,0,121.85,132.1,Frampton won via UD in round 10,10,UD,Frampton
51,7,Carl Frampton ,63.17073036,58.09445721,75.38342702,8.975960726,Tyler Mccreary,60.14794519,34.94421567,75.43476314,11.38087662,30-Nov-19,195,77,0,0,121.85,132.1,Frampton won via UD in round 10,10,UD,Frampton
51,8,Carl Frampton ,61.83556782,57.74203086,75.86040212,9.103773751,Tyler Mccreary,60.1903211,34.57055446,74.84754798,11.7854309,30-Nov-19,195,77,0,0,121.85,132.1,Frampton won via UD in round 10,10,UD,Frampton
51,9,Carl Frampton ,60.71402507,56.38622789,76.77977425,9.241754003,Tyler Mccreary,62.34533022,33.66971863,74.6758014,12.14083701,30-Nov-19,195,77,0,0,121.85,132.1,Frampton won via UD in round 10,10,UD,Frampton
51,10,Carl Frampton ,62.02613324,56.12414482,76.49209311,9.383052652,Tyler Mccreary,61.68353265,33.53047421,74.42473112,12.53647662,30-Nov-19,195,77,0,0,121.85,132.1,Frampton won via UD in round 10,10,UD,Frampton
52,1,Joe Hughes ,57,51.4,75,4.12,Sandor Martin,57,55.8,75,5.86,12-Dec-19,170,222,0,0,141.86,139.6,Martin won via UD in round 12,12,UD,Martin
52,2,Joe Hughes ,55.55754531,51.13404418,74.6996394,4.273777569,Sandor Martin,56.44406788,55.44301112,75.07782951,6.042096192,12-Dec-19,170,222,0,0,141.86,139.6,Martin won via UD in round 12,12,UD,Martin
52,3,Joe Hughes ,55.81226985,51.23777234,74.58475787,4.389460387,Sandor Martin,57.01731405,53.67182498,73.6731498,6.158466743,12-Dec-19,170,222,0,0,141.86,139.6,Martin won via UD in round 12,12,UD,Martin
52,4,Joe Hughes ,56.11720924,51.36358852,74.24319351,4.589963176,Sandor Martin,56.15477708,53.22276203,72.77679246,6.289587923,12-Dec-19,170,222,0,0,141.86,139.6,Martin won via UD in round 12,12,UD,Martin
52,5,Joe Hughes ,58.14592171,51.39139098,74.42574669,4.830412089,Sandor Martin,52.01654115,55.56174425,72.8500966,6.454716414,12-Dec-19,170,222,0,0,141.86,139.6,Martin won via UD in round 12,12,UD,Martin
52,6,Joe Hughes ,60.96369558,50.61066117,74.02182944,5.009382723,Sandor Martin,47.73626221,54.99496088,73.0603121,6.593923577,12-Dec-19,170,222,0,0,141.86,139.6,Martin won via UD in round 12,12,UD,Martin
52,7,Joe Hughes ,62.66584875,50.89237913,74.30071904,5.25787501,Sandor Martin,48.14444626,56.10501305,71.95478005,6.600912443,12-Dec-19,170,222,0,0,141.86,139.6,Martin won via UD in round 12,12,UD,Martin
52,8,Joe Hughes ,61.58892662,49.13622754,73.24839327,5.604667171,Sandor Martin,47.60611051,55.95431677,71.48856411,6.721425181,12-Dec-19,170,222,0,0,141.86,139.6,Martin won via UD in round 12,12,UD,Martin
52,9,Joe Hughes ,61.09684929,49.39444944,73.39564011,5.935268257,Sandor Martin,43.02091898,54.64000591,72.09052322,6.825117799,12-Dec-19,170,222,0,0,141.86,139.6,Martin won via UD in round 12,12,UD,Martin
52,10,Joe Hughes ,61.86378678,49.12081978,73.56707787,6.202679225,Sandor Martin,39.48550785,55.16353419,72.07330435,6.78192823,12-Dec-19,170,222,0,0,141.86,139.6,Martin won via UD in round 12,12,UD,Martin
52,11,Joe Hughes ,60.10647692,49.77931171,73.44929854,6.46053821,Sandor Martin,39.70466016,55.7565288,71.37575485,6.790765041,12-Dec-19,170,222,0,0,141.86,139.6,Martin won via UD in round 12,12,UD,Martin
52,12,Joe Hughes ,57.76498929,50.62736686,73.05435849,6.691600207,Sandor Martin,36.73319327,55.98625567,70.68423399,6.754580307,12-Dec-19,170,222,0,0,141.86,139.6,Martin won via UD in round 12,12,UD,Martin
53,1,Jessie Vargas ,61,67.4,75,4.56,Mikey Garcia,61,63.8,75,13.27,29-Feb-20,241,226,0,0,143.19,128.21,Garcia won via UD in round 12,12,UD,Garcia
53,2,Jessie Vargas ,58.41652923,67.79766736,74.7277756,4.64592717,Mikey Garcia,60.58345863,62.86705617,74.81504962,13.36054282,29-Feb-20,241,226,0,0,143.19,128.21,Garcia won via UD in round 12,12,UD,Garcia
53,3,Jessie Vargas ,59.15120265,67.49312622,74.48214742,4.698474879,Mikey Garcia,57.73166006,60.76023679,75.67520649,13.39741131,29-Feb-20,241,226,0,0,143.19,128.21,Garcia won via UD in round 12,12,UD,Garcia
53,4,Jessie Vargas ,59.82900596,67.17624818,74.49149951,4.782681305,Mikey Garcia,57.78170325,59.35137361,76.22907674,13.40038457,29-Feb-20,241,226,0,0,143.19,128.21,Garcia won via UD in round 12,12,UD,Garcia
53,5,Jessie Vargas ,60.68879217,68.1859121,73.34589227,4.853996752,Mikey Garcia,55.5045187,57.83232222,76.05421742,13.47900184,29-Feb-20,241,226,0,0,143.19,128.21,Garcia won via UD in round 12,12,UD,Garcia
53,6,Jessie Vargas ,60.49831748,67.11947037,72.76943475,4.938509625,Mikey Garcia,59.77463862,57.52793409,76.5200626,13.61649315,29-Feb-20,241,226,0,0,143.19,128.21,Garcia won via UD in round 12,12,UD,Garcia
53,7,Jessie Vargas ,59.28746689,66.55920387,72.8230388,5.065611183,Mikey Garcia,60.64599668,57.74381504,76.45696352,13.72069309,29-Feb-20,241,226,0,0,143.19,128.21,Garcia won via UD in round 12,12,UD,Garcia
53,8,Jessie Vargas ,62.92110193,67.02907021,73.62403778,5.192359665,Mikey Garcia,59.45990839,57.91279457,75.01904726,13.77465802,29-Feb-20,241,226,0,0,143.19,128.21,Garcia won via UD in round 12,12,UD,Garcia
53,9,Jessie Vargas ,63.08814242,66.98314289,74.38949491,5.232513299,Mikey Garcia,58.11889255,55.74675701,74.87579961,13.93853486,29-Feb-20,241,226,0,0,143.19,128.21,Garcia won via UD in round 12,12,UD,Garcia
53,10,Jessie Vargas ,62.7170313,66.87551678,73.01948268,5.304027525,Mikey Garcia,59.38808087,56.560367,74.95922483,14.11517836,29-Feb-20,241,226,0,0,143.19,128.21,Garcia won via UD in round 12,12,UD,Garcia
53,11,Jessie Vargas ,62.91021318,63.74657572,73.00341903,5.383071054,Mikey Garcia,59.36776608,56.29450234,74.35517922,14.38004099,29-Feb-20,241,226,0,0,143.19,128.21,Garcia won via UD in round 12,12,UD,Garcia
53,12,Jessie Vargas ,63.2956797,64.16424685,73.51536658,5.425420775,Mikey Garcia,57.28271783,57.69178287,74.62464162,14.64076248,29-Feb-20,241,226,0,0,143.19,128.21,Garcia won via UD in round 12,12,UD,Garcia
54,1,Deontay Wilder ,88,63.9,75,28.67,Tyson Fury,88,66.9,75,10.75,22-Feb-20,143,186,0,0,242.4,247.5,Fury won via TKO in round 7,7,TKO,Fury
54,2,Deontay Wilder ,88.96325277,63.18015266,74.64512825,28.96796618,Tyson Fury,87.28556878,66.47592408,74.56748908,11.11467039,22-Feb-20,143,186,0,0,242.4,247.5,Fury won via TKO in round 7,7,TKO,Fury
54,3,Deontay Wilder ,90.53868139,62.92637049,74.41624157,29.35640849,Tyson Fury,87.29544094,68.84806828,74.30024157,11.45550809,22-Feb-20,143,186,0,0,242.4,247.5,Fury won via TKO in round 7,7,TKO,Fury
54,4,Deontay Wilder ,88.77139907,62.20295702,74.60458707,29.82599575,Tyson Fury,84.77543557,69.43594808,73.94663279,11.77513886,22-Feb-20,143,186,0,0,242.4,247.5,Fury won via TKO in round 7,7,TKO,Fury
54,5,Deontay Wilder ,88.38800168,62.14835538,74.52074943,30.22809603,Tyson Fury,86.1660883,70.66163481,73.6229075,12.04097039,22-Feb-20,143,186,0,0,242.4,247.5,Fury won via TKO in round 7,7,TKO,Fury
54,6,Deontay Wilder ,87.4043699,62.4204917,74.67364533,30.62813373,Tyson Fury,86.08202512,71.57088816,73.48118695,12.33750369,22-Feb-20,143,186,0,0,242.4,247.5,Fury won via TKO in round 7,7,TKO,Fury
54,7,Deontay Wilder ,88.00857666,61.55162039,74.57000421,31.03567165,Tyson Fury,87.15525734,72.01072885,73.82453296,12.51756876,22-Feb-20,143,186,0,0,242.4,247.5,Fury won via TKO in round 7,7,TKO,Fury
55,1,Vasyl Lomachenko ,71,73.9,75,7.63,Teofimo Lopez,71,58.1,75,18.97,17-Oct-20,131,58,0,0,127.11,139.6,Lopez won via UD in round 12,12,UD,Lopez
55,2,Vasyl Lomachenko ,68.13514635,72.41932152,74.98849055,7.658160448,Teofimo Lopez,71.99322574,58.85132375,75.06208554,19.16822079,17-Oct-20,131,58,0,0,127.11,139.6,Lopez won via UD in round 12,12,UD,Lopez
55,3,Vasyl Lomachenko ,67.1779298,72.54257809,75.75894468,7.728325276,Teofimo Lopez,71.39769329,56.63429481,74.57622042,19.38691955,17-Oct-20,131,58,0,0,127.11,139.6,Lopez won via UD in round 12,12,UD,Lopez
55,4,Vasyl Lomachenko ,66.63598866,72.47822514,75.26127227,7.635906148,Teofimo Lopez,71.58805121,58.49824591,74.54454359,19.64077923,17-Oct-20,131,58,0,0,127.11,139.6,Lopez won via UD in round 12,12,UD,Lopez
55,5,Vasyl Lomachenko ,69.1585456,71.83463814,74.70280772,7.715572879,Teofimo Lopez,72.93543325,58.9650125,74.46891767,19.86609366,17-Oct-20,131,58,0,0,127.11,139.6,Lopez won via UD in round 12,12,UD,Lopez
55,6,Vasyl Lomachenko ,67.42360009,72.45480555,74.27575738,7.858085982,Teofimo Lopez,73.60168159,59.35569537,74.41485001,20.22960699,17-Oct-20,131,58,0,0,127.11,139.6,Lopez won via UD in round 12,12,UD,Lopez
55,7,Vasyl Lomachenko ,66.45651442,71.17643407,74.44436536,8.058475321,Teofimo Lopez,77.71394108,58.0665001,74.41556371,20.43837319,17-Oct-20,131,58,0,0,127.11,139.6,Lopez won via UD in round 12,12,UD,Lopez
55,8,Vasyl Lomachenko ,63.97152911,70.43569792,73.6596716,8.218653697,Teofimo Lopez,76.1245624,57.33196714,74.14514112,20.85067685,17-Oct-20,131,58,0,0,127.11,139.6,Lopez won via UD in round 12,12,UD,Lopez
55,9,Vasyl Lomachenko ,63.72607855,67.80859927,72.36128414,8.332671915,Teofimo Lopez,73.96427956,57.5463949,74.33870666,21.17997787,17-Oct-20,131,58,0,0,127.11,139.6,Lopez won via UD in round 12,12,UD,Lopez
55,10,Vasyl Lomachenko ,63.82440286,65.51867257,71.55921674,8.449957574,Teofimo Lopez,74.58411317,56.59597639,73.90951035,21.43843887,17-Oct-20,131,58,0,0,127.11,139.6,Lopez won via UD in round 12,12,UD,Lopez
55,11,Vasyl Lomachenko ,63.41391603,63.35251176,71.73547816,8.553934574,Teofimo Lopez,69.69923851,56.92196348,73.50177951,21.73995749,17-Oct-20,131,58,0,0,127.11,139.6,Lopez won via UD in round 12,12,UD,Lopez
55,12,Vasyl Lomachenko ,65.40225666,63.50286104,72.1268819,8.59767232,Teofimo Lopez,70.52975684,56.671847,73.24605436,21.97376378,17-Oct-20,131,58,0,0,127.11,139.6,Lopez won via UD in round 12,12,UD,Lopez
