fight_id,round,opponent_1,opponent_1_power,opponent_1_resistance,opponent_1_ability_to_take_punch,opponent_2,opponent_2_power,opponent_2_resistance,opponent_2_ability_to_take_punch,opponent_1_weight,opponent_2_weight,opponent_1_rounds_boxed,opponent_2_rounds_boxed
1,1,Vasyl Lomachenko ,72,73.9,78,Luke Campbell,72,60.5,73,127.11,135.24,119,130
2,1,Orlando Fiordigiglio ,59,55.4,68,Sam Eggington,59,54.5,66,152.5,148.93,200,177
3,1,Gennady Golovkin ,82,68,84,Sergiy Derevyanchenko,82,63.3,75,159.66,164.04,200,81
4,1,Shawn Porter ,66,63.8,80,Errol Spence Jr,66,62.3,77,152.53,148.47,219,108
4,2,Shawn Porter ,67.29835369545347,62.718242771511576,76.49424385350129,Errol Spence Jr,68.03735492228174,65.01377278856094,69.43803849105954,152.53,148.47,219,108
4,3,Shawn Porter ,74.84350082596055,62.822469236933586,71.20297954865902,Errol Spence Jr,81.21673259853169,60.16824483939944,64.3006301867638,152.53,148.47,219,108
4,4,Shawn Porter ,70.32801900699154,59.7937959062183,67.69474552543801,Errol Spence Jr,84.62890626946185,58.365333021164936,60.5513350222312,152.53,148.47,219,108
4,5,Shawn Porter ,63.614526001584515,55.375891666563994,63.27702152482854,Errol Spence Jr,68.95545024034128,51.557828165716025,57.01607290987198,152.53,148.47,219,108
5,1,Zaur Abdullaev ,64,58.4,72,Devin Haney,64,47,73,0,0,60,110
6,1,Tyson Fury ,72,66.5,86,Otto Wallin,72,57.4,77,247.5,240.54,174,90
7,1,Artur Beterbiev ,88,68.4,81,Oleksandr Gvozdyk,88,67.5,78,178.65,174.95,52,88
8,1,Dereck Chisora ,65,63.9,78,David Price,65,65.6,70,238.35,246.75,252,105
9,1,Olajide William Olatunji ,0,0,0,Logan Paul,0,0,0,0,0,0,0
10,1,Sugar Ray Leonard ,73,66.9,82,Marvin Hagler,73,62,89,151.51,177.35,244,386
10,2,Sugar Ray Leonard ,73.98482322802525,63.79068541222126,81.76897092471471,Marvin Hagler,83.31189903850816,59.645820029545995,85.66617103960675,151.51,177.35,244,386
10,3,Sugar Ray Leonard ,81.0531177392541,53.5652347195804,78.88006900791294,Marvin Hagler,88.93959607148861,55.42850041707985,80.10498419461138,151.51,177.35,244,386
10,4,Sugar Ray Leonard ,69.70657623459445,50.86343392700153,70.76379880857058,Marvin Hagler,84.69131603410526,54.539529316221504,72.4660896277446,151.51,177.35,244,386
10,5,Sugar Ray Leonard ,64.9907528388999,45.58393405617541,61.612402137800906,Marvin Hagler,77.23872260170201,47.834298052585545,61.69714421521542,151.51,177.35,244,386
10,6,Sugar Ray Leonard ,56.84744762702843,37.89149703910862,54.925705707161015,Marvin Hagler,76.82195769081106,41.31186758158918,51.546065612382094,151.51,177.35,244,386
11,1,Mike Tyson ,83,61.8,82,Michael Spinks,83,65.3,83,369.29,321.86,119,225
12,1,Raul Pinzon ,70,39.6,72,Saul Alvarez,70,41.1,71,149.6,156.18,60,129
13,1,Saul Alvarez ,67,42.4,76,Antonio Fitch,67,26.7,50,155.67,142.28,130,42
14,1,Scott Belshaw ,63,49.7,56,Tyson Fury,63,59,63,235.48,249.06,38,11
14,2,Scott Belshaw ,51.393574434811796,33.2144736256718,35.53984622664837,Tyson Fury,48.77965008739315,43.46871320614023,42.845786789823094,235.48,249.06,38,11
15,1,Carlos Leonardo Herrera ,57,49,62,Saul Alvarez,57,46.4,81,148.8,153.77,116,163
16,1,Damon Mccreary ,73,44.7,60,Deontay Wilder,73,52.1,71,177.41,243.21,41,40
17,1,Callum Smith ,77,59.6,63,Rocky Fielding,77,55.8,72,169.11,170,64,88
18,1,Dillian Whyte ,75,54.3,72,Anthony Joshua,75,64.3,73,225.84,235.76,44,25
19,1,Dominic Wade ,70,54.6,67,Gennady Golovkin,70,65.7,82,162.48,159.66,60,151
19,2,Dominic Wade ,52.63049412846874,37.00196831238268,43.56073287402071,Gennady Golovkin,55.726714429617594,42.02760552245663,56.5838028190466,162.48,159.66,60,151
20,1,Anthony Joshua ,87,65.4,78,Dominic Breazeale,87,54,78,237.04,237.83,34,57
20,2,Anthony Joshua ,106.79852563421893,63.74710651420313,64.21102626765338,Dominic Breazeale,109.70353927674779,50.838484354220725,65.30186171587977,237.04,237.83,34,57
21,1,Charles Martin ,80,46.8,74,Anthony Joshua,80,64.6,75,239.9,236.51,74,32
21,2,Charles Martin ,75.10754469045017,27.758708508549812,48.130422100651245,Anthony Joshua,54.06029301461404,47.495659846436546,46.26788638190906,239.9,236.51,74,32
22,1,Kell Brook ,75,63.9,79,Gennady Golovkin,75,65.8,83,149.14,159.66,179,153
22,2,Kell Brook ,68.33233933486984,53.51373405734529,70.9452213067377,Gennady Golovkin,72.88784016503276,62.54400906619658,73.42710697603287,149.14,159.66,179,153
22,3,Kell Brook ,70.3966819037078,45.532232924227145,59.86623400087917,Gennady Golovkin,58.38058930180755,52.438853818950626,63.128697077156616,149.14,159.66,179,153
23,1,Jorge Linares ,71,61.2,76,Anthony Crolla,71,58,76,128.77,135.02,244,227
24,1,Saul Alvarez ,72,58.6,84,Liam Smith,72,55.3,68,152.71,154.61,331,126
25,1,Sergey Kovalev ,81,57.8,77,Andre Ward,81,63,81,175,166.41,114,218
25,2,Sergey Kovalev ,97.35672386362985,55.723547579826366,71.19554345178872,Andre Ward,79.5569136802168,55.31813394897208,79.09031420126831,175,166.41,114,218
25,3,Sergey Kovalev ,103.24461853364258,48.21645319988882,63.65540060899203,Andre Ward,85.5042645949442,54.1535135570663,75.16808973134964,175,166.41,114,218
25,4,Sergey Kovalev ,94.11363636363636,46.57986382542433,60.11744108632208,Andre Ward,87.09506410641785,47.60613782445065,67.54885119794513,175,166.41,114,218
25,5,Sergey Kovalev ,76.99955677315059,36.42374635075225,53.142662270135986,Andre Ward,76.18535131529934,42.320512466066944,57.85170518806511,175,166.41,114,218
26,1,Andy Ruiz Jr ,72,54.3,78,Joseph Parker,72,61.5,82,248.4,246.11,116,87
26,2,Andy Ruiz Jr ,94.11067415600624,51.892373677276865,68.43001570568724,Joseph Parker,84.47316203234082,63.059314547730374,72.79163085289406,248.4,246.11,116,87
26,3,Andy Ruiz Jr ,111.20326717094477,47.48975252531985,58.915298938745266,Joseph Parker,99.80547606878787,59.9637045781094,62.9332263885983,248.4,246.11,116,87
26,4,Andy Ruiz Jr ,100.85309090909092,45.063095408970185,50.67758991960113,Joseph Parker,96.89336117495779,51.115322710466224,51.89453565476099,248.4,246.11,116,87
27,1,Deontay Wilder ,89,60.9,80,Gerald Washington,89,57.7,74,242.79,247.53,107,78
28,1,Daniel Dubois ,0,0,0,Marcus Kelly,0,0,0,0,0,0,0
29,1,Adrian Granados ,61,52.7,78,Shawn Porter,61,62.4,80,141.39,152.53,145,183
29,2,Adrian Granados ,62.74847648618984,49.801320088079144,75.74288618646764,Shawn Porter,65.70782596279987,60.662687029264866,77.16300353968947,141.39,152.53,145,183
29,3,Adrian Granados ,66.53632970419314,45.75747625078562,70.33157332992623,Shawn Porter,74.14622459277969,61.97310122387053,74.67026835014659,141.39,152.53,145,183
29,4,Adrian Granados ,56.391154775990806,45.10855915558418,63.413474632779966,Shawn Porter,68.94574695945329,55.24666793414004,69.73499907313135,141.39,152.53,145,183
29,5,Adrian Granados ,54.580277842429545,41.06446225463189,57.81394569279754,Shawn Porter,54.415310311566365,46.23187048099674,61.643205190202906,141.39,152.53,145,183
30,1,Horacio Garcia ,66,48.2,74,Carl Frampton,66,60.3,77,122.48,121.85,195,152
30,2,Horacio Garcia ,73.52196371017646,49.3634721621419,73.59992270029615,Carl Frampton,71.52173126047913,61.669907464113145,77.70087067727964,122.48,121.85,195,152
30,3,Horacio Garcia ,77.25006046682203,47.53946961113469,71.01547416456742,Carl Frampton,61.41982074834615,54.06184011581927,74.3349396009468,122.48,121.85,195,152
31,1,Yoan Boyeaux ,65,47.8,77,Naoya Inoue,65,62.4,72,119.97,109.2,162,88
31,2,Yoan Boyeaux ,58.390296218654505,41.334353606497764,67.59320072717638,Naoya Inoue,65.98520316386009,64.3709420193244,67.14839925040663,119.97,109.2,162,88
31,3,Yoan Boyeaux ,43.20566456678576,27.248116993312827,48.924979066310996,Naoya Inoue,50.63677814641901,42.300183739756534,50.61108183080719,119.97,109.2,162,88
32,1,Luis Ortiz ,75,63.9,79,Deontay Wilder,75,61.9,81,237.75,243.1,122,113
32,2,Luis Ortiz ,90.31418822788525,58.09547039487009,72.4272596426311,Deontay Wilder,92.71630019788005,60.13776354981941,70.83748352635212,237.75,243.1,122,113
32,3,Luis Ortiz ,88.20714076770159,56.42850526389003,63.85813425859631,Deontay Wilder,105.70554644245826,63.599648286609586,61.43748180579799,237.75,243.1,122,113
32,4,Luis Ortiz ,95.11656726524728,44.21252304232861,51.277704895841126,Deontay Wilder,96.06828982366666,51.051873400152886,49.35294328293935,237.75,243.1,122,113
32,5,Luis Ortiz ,81.30309546540053,37.72899470189355,41.94702793813274,Deontay Wilder,93.43231684869734,46.80205661167526,37.31583789756835,237.75,243.1,122,113
33,1,Joseph Parker ,78,63,82,Anthony Joshua,78,68.6,82,247.77,237.26,123,65
33,2,Joseph Parker ,86.0847615152881,63.31384223590491,69.88825666390078,Anthony Joshua,89.58076211403471,65.71132304823948,74.56170086282421,247.77,237.26,123,65
33,3,Joseph Parker ,99.13315303866057,66.4419329894273,61.63056702339482,Anthony Joshua,95.7461817377978,59.87850968509626,63.58248389464004,247.77,237.26,123,65
34,1,Vanes Martirosyan ,67,62.9,79,Gennady Golovkin,67,67,84,164.37,159.66,224,182
34,2,Vanes Martirosyan ,53.24531601304013,43.64922733994778,54.42825680516464,Gennady Golovkin,50.45991023428457,45.71623659673972,58.41875203899559,164.37,159.66,224,182
35,1,Lee Selby ,60,60.4,71,Josh Warrington,60,57.6,70,128.39,127.08,207,193
35,2,Lee Selby ,60.91380628980717,61.95784766067409,71.54953898061822,Josh Warrington,60.05055779206825,56.44581289878617,68.87293713388691,128.39,127.08,207,193
36,1,Jamie Mcdonnell ,60,58.5,77,Naoya Inoue,60,63.3,73,123.22,109.2,245,91
37,1,Sefer Seferi ,68,43.3,61,Tyson Fury,68,65.6,79,197.91,248.92,69,146
38,1,Errol Spence Jr ,82,60.8,76,Carlos Ocampo,82,51.4,79,148.6,143.08,95,120
39,1,Danny Garcia ,70,64.6,81,Shawn Porter,70,62.9,80,141.8,152.53,227,195
39,2,Danny Garcia ,70.05679460879266,64.37236914922747,80.80963268002802,Shawn Porter,74.76296623064836,61.20104334656322,82.1256027266778,141.8,152.53,227,195
39,3,Danny Garcia ,74.51503972920202,61.78132313360704,76.81468895923086,Shawn Porter,77.339123745404,56.528343999007824,78.67408185364097,141.8,152.53,227,195
40,1,Alexander Povetkin ,75,72.3,81,Anthony Joshua,75,69.4,83,235.57,237.26,224,77
41,1,Saul Alvarez ,72,59.7,85,Gennady Golovkin,72,67.3,84,153.13,159.66,364,184
41,2,Saul Alvarez ,67.18971281703774,58.25561785399541,82.34172959632788,Gennady Golovkin,81.27121066928193,68.11270902756198,81.26726256321714,153.13,159.66,364,184
41,3,Saul Alvarez ,70.898764862809,58.27137731015268,76.24128829287801,Gennady Golovkin,80.46859466949448,69.08417003391368,73.34159798434389,153.13,159.66,364,184
41,4,Saul Alvarez ,71.9983954587416,52.393115850610116,70.57979399043846,Gennady Golovkin,74.68554841193229,64.07343224848721,63.994380463158095,153.13,159.66,364,184
42,1,Yvan Mendy ,60,54.1,66,Luke Campbell,60,59.6,71,139.83,135.24,296,113
42,2,Yvan Mendy ,66.06215875670735,55.625632134937234,63.868441184297545,Luke Campbell,64.05606794751814,64.16808928935927,69.06970991260721,139.83,135.24,296,113
42,3,Yvan Mendy ,64.11142557904112,53.24536455419272,61.816330211089884,Luke Campbell,67.40587515977397,61.166982187699006,64.88011037249188,139.83,135.24,296,113
42,4,Yvan Mendy ,61.656765703559586,44.189923776584415,55.67588008609941,Luke Campbell,58.555761333928864,54.33004906254565,63.6668013893268,139.83,135.24,296,113
42,5,Yvan Mendy ,50.349812669932064,35.86415158574033,49.655268677668424,Luke Campbell,53.93835951343801,50.290492590231686,58.47559383009342,139.83,135.24,296,113
43,1,Juan Carlos Payano ,60,53.1,73,Naoya Inoue,60,64.3,73,119.18,109.2,137,92
44,1,Josh Warrington ,53,58.1,70,Carl Frampton,53,61.3,77,127.08,121.85,205,183
45,1,James Degale ,69,66.8,78,Chris Eubank Jr,69,60.9,76,168.17,161.7,198,172
46,1,Yordenis Ugas ,63,57.3,73,Shawn Porter,63,63.5,80,144.06,152.53,153,207
46,2,Yordenis Ugas ,65.9797533131768,57.962621661422105,75.49483441216151,Shawn Porter,69.47320515699333,63.19463128602738,76.52166163284869,144.06,152.53,153,207
46,3,Yordenis Ugas ,60.04631060770515,56.3388185724298,72.01172502405304,Shawn Porter,67.08227278742243,61.6992401134936,71.31435187056945,144.06,152.53,153,207
47,1,Adrian Young ,63,39.8,70,Luke Campbell,63,60,71,124.01,135.24,93,125
48,1,Mikey Garcia ,75,63.5,79,Errol Spence Jr,75,61.5,76,127.69,148.6,214,96
49,1,Andy Ruiz Jr ,71,56.7,81,Anthony Joshua,71,69.9,83,248.34,237.26,144,84
50,1,Tyson Fury ,71,66.5,86,Tom Schwarz,71,47.7,69,247.5,232.91,172,89
50,2,Tyson Fury ,54.43711164017158,45.22995724958032,55.97653518563809,Tom Schwarz,53.18633586754737,28.859064033699752,43.42547471414652,247.5,232.91,172,89
51,1,Carl Frampton ,69,61.6,77,Tyler Mccreary,69,37.6,66,121.85,132.1,195,77
52,1,Joe Hughes ,57,51.4,63,Sandor Martin,57,55.8,71,141.86,139.6,170,222
53,1,Jessie Vargas ,61,67.4,78,Mikey Garcia,61,63.8,81,143.19,128.21,241,226
54,1,Deontay Wilder ,88,63.9,83,Tyson Fury,88,66.9,86,242.4,247.5,143,186
54,2,Deontay Wilder ,100.9524162751572,66.19913085761932,75.48084546432509,Tyson Fury,111.84065717798964,67.1960423405635,73.96048840009922,242.4,247.5,143,186
55,1,Vasyl Lomachenko ,71,73.9,78,Teofimo Lopez,71,58.1,76,127.11,139.6,131,58
55,2,Vasyl Lomachenko ,64.68898327225703,81.87191413300158,80.06927486777863,Teofimo Lopez,61.90710053719409,68.20897825189653,72.6040361204202,127.11,139.6,131,58
