fight_id,round,opponent_1,opponent_1_power,opponent_1_resistance,opponent_1_ability_to_take_punch,opponent_2,opponent_2_power,opponent_2_resistance,opponent_2_ability_to_take_punch,opponent_1_weight,opponent_2_weight
1,1,Vasyl Lomachenko ,72,73.9,78,Luke Campbell,72,60.5,73,127.11,135.24
1,2,Vasyl Lomachenko ,68.2528863202041,63.93296744342744,76.39435290811966,Luke Campbell,76.80615478149339,54.24616883405102,71.99102062263493,127.11,135.24
1,3,Vasyl Lomachenko ,65.22656072158514,56.00812681485297,73.22259110862218,Luke Campbell,76.47449521979037,57.12563352154857,70.81934879988083,127.11,135.24
1,4,Vasyl Lomachenko ,60.27254841426039,51.13771432214888,67.13291148622322,Luke Campbell,70.56408299719757,59.509864984014726,65.21047188675416,127.11,135.24
1,5,Vasyl Lomachenko ,44.075373391553725,53.901682027693994,58.9220903033518,Luke Campbell,58.03896893915446,55.01341948609166,57.47436806417727,127.11,135.24
1,6,Vasyl Lomachenko ,35.68657652840173,51.5144584834098,53.37866840141777,Luke Campbell,51.57122200368801,48.88036749107157,49.94491977260726,127.11,135.24
1,7,Vasyl Lomachenko ,37.69656810065636,49.46436655892566,42.02045075897129,Luke Campbell,40.49756308126276,40.99809879095342,42.90714587593161,127.11,135.24
1,8,Vasyl Lomachenko ,30.612090608721058,36.99278347087012,34.4529747805086,Luke Campbell,33.834435713098614,32.59456239701984,35.63846486276564,127.11,135.24
1,9,Vasyl Lomachenko ,26.222337207673846,27.447059343972487,27.54600539199999,Luke Campbell,21.41599320346029,18.81861746644707,27.455433003233,127.11,135.24
1,10,Vasyl Lomachenko ,21.506367532504466,19.561183662745798,18.476602557308382,Luke Campbell,15.968555216184393,11.100773626184163,22.661807763761008,127.11,135.24
1,11,Vasyl Lomachenko ,14.977159299469546,11.628330086928987,12.252053443434244,Luke Campbell,10.992722483177472,8.153425107832645,16.637332386975267,127.11,135.24
1,12,Vasyl Lomachenko ,16.27830153682233,9.798968632192432,8.5575924992678,Luke Campbell,9.406471360529153,7.939803912410059,10.08079870106219,127.11,135.24
2,1,Orlando Fiordigiglio ,59,55.4,68,Sam Eggington,59,54.5,66,152.5,148.93
2,2,Orlando Fiordigiglio ,42.75696705245172,38.81694235457336,45.69267420518019,Sam Eggington,40.950451875527534,35.60027855898946,44.83388361958316,152.5,148.93
3,1,Gennady Golovkin ,82,68,84,Sergiy Derevyanchenko,82,63.3,75,159.66,164.04
3,2,Gennady Golovkin ,81.9064538145439,63.81931634842999,80.30572025863066,Sergiy Derevyanchenko,82.72468763906193,57.94362402463375,72.98352427064934,159.66,164.04
3,3,Gennady Golovkin ,75.26700074471721,57.45125589437325,74.66602896539499,Sergiy Derevyanchenko,95.87287272727274,48.41896863863352,72.42471194430917,159.66,164.04
3,4,Gennady Golovkin ,67.87068879961265,52.20582988267404,70.6977924847942,Sergiy Derevyanchenko,90.76230192393103,40.99964938148479,62.186361649689744,159.66,164.04
3,5,Gennady Golovkin ,60.20209109688662,43.08650889201287,62.70668444713533,Sergiy Derevyanchenko,83.30808775306421,38.675973257728664,56.25681903403512,159.66,164.04
3,6,Gennady Golovkin ,56.90035377056173,41.93673824596738,54.22154216360343,Sergiy Derevyanchenko,73.9436961181403,38.575701799948085,47.15946053596317,159.66,164.04
3,7,Gennady Golovkin ,47.103970595214584,34.97155878122674,44.703376311897166,Sergiy Derevyanchenko,69.07689949263676,37.963517436218744,41.21998211685182,159.66,164.04
3,8,Gennady Golovkin ,51.10249323271369,23.74930408182589,34.27664252212799,Sergiy Derevyanchenko,57.75983407718177,31.171312696491036,29.811670279372382,159.66,164.04
3,9,Gennady Golovkin ,41.075639070905,18.080343734411095,25.997363954880825,Sergiy Derevyanchenko,46.08984805019419,33.00366798050381,22.84651991565804,159.66,164.04
3,10,Gennady Golovkin ,29.925995345668344,13.575266410650993,18.33613300815457,Sergiy Derevyanchenko,41.73482703988251,26.338313763203708,15.466511432313567,159.66,164.04
3,11,Gennady Golovkin ,22.476006830856203,13.52140719468915,13.447084410154764,Sergiy Derevyanchenko,30.432987754606575,11.230400315584738,14.747946969157631,159.66,164.04
3,12,Gennady Golovkin ,16.347147920335953,7.750925019135215,8.220302935175821,Sergiy Derevyanchenko,21.369490232460393,6.871084370461756,10.734426744321773,159.66,164.04
4,1,Shawn Porter ,66,63.8,80,Errol Spence Jr,66,62.3,77,152.53,148.47
4,2,Shawn Porter ,61.46960376483758,62.718242771511576,76.49424385350129,Errol Spence Jr,62.056652944034475,65.01377278856094,69.43803849105954,152.53,148.47
4,3,Shawn Porter ,62.12832807023825,62.822469236933586,71.20297954865902,Errol Spence Jr,67.31432767413673,60.16824483939944,64.3006301867638,152.53,148.47
4,4,Shawn Porter ,58.49325795887134,59.7937959062183,67.69474552543801,Errol Spence Jr,70.95883993481911,58.365333021164936,60.5513350222312,152.53,148.47
4,5,Shawn Porter ,52.971414682967094,55.375891666563994,63.27702152482854,Errol Spence Jr,57.370375123173666,51.557828165716025,57.01607290987198,152.53,148.47
4,6,Shawn Porter ,40.3648927952724,46.797100602370364,54.22186057985538,Errol Spence Jr,47.981033693041816,49.57032811560389,45.120846106378856,152.53,148.47
4,7,Shawn Porter ,31.299722945038358,39.3058869223777,45.980086637003055,Errol Spence Jr,40.76200886649387,38.806802676643,39.23413589334454,152.53,148.47
4,8,Shawn Porter ,24.3210725708322,32.88392980095097,36.58112030917574,Errol Spence Jr,32.15938818212191,29.04854176052858,32.60530167042505,152.53,148.47
4,9,Shawn Porter ,17.040265181940125,25.68099487499097,30.544184648387915,Errol Spence Jr,27.416688738750988,20.999722512198915,26.66548118868051,152.53,148.47
4,10,Shawn Porter ,12.037811415172877,17.30213858282235,22.513330229610318,Errol Spence Jr,18.840186015888587,17.79232262359062,19.053492379155205,152.53,148.47
4,11,Shawn Porter ,9.845714894525209,9.364752007877522,17.183723281507394,Errol Spence Jr,14.797196966989127,14.982940459227983,17.569132527475723,152.53,148.47
4,12,Shawn Porter ,5.254050562331138,7.206097807959431,11.462365274582481,Errol Spence Jr,8.388349815828333,11.051411199703242,15.934480791650792,152.53,148.47
5,1,Zaur Abdullaev ,64,58.4,72,Devin Haney,64,47,73,0,0
5,2,Zaur Abdullaev ,57.261128279166904,55.737100255629635,76.72253920482292,Devin Haney,43.75717273483771,39.47105733060785,77.365559271606,0,0
5,3,Zaur Abdullaev ,37.895262087493585,45.02164965527066,69.67316593289891,Devin Haney,31.31297890121304,26.59309315189388,72.96132352492845,0,0
5,4,Zaur Abdullaev ,19.35787229225961,31.567731471198545,56.86271954154567,Devin Haney,20.48310971410052,18.42177378396709,61.859637643714954,0,0
6,1,Tyson Fury ,72,66.5,86,Otto Wallin,72,57.4,77,247.5,240.54
6,2,Tyson Fury ,77.7324441295561,54.5255623080401,75.06435981777705,Otto Wallin,79.36562172439439,56.00529735798135,66.1397393569543,247.5,240.54
6,3,Tyson Fury ,89.41849101320351,54.35855607602733,65.45785048394987,Otto Wallin,77.06711330745922,51.51971787377625,54.255292103693044,247.5,240.54
6,4,Tyson Fury ,95.48191178906582,50.73797849239165,55.411699915273594,Otto Wallin,74.034295412008575,49.293155501408165,45.110590388627614,247.5,240.54
6,5,Tyson Fury ,91.78014563161788,44.21551826395827,48.62477589301134,Otto Wallin,65.73026088222686,44.42062598709293,36.65332401102855,247.5,240.54
6,6,Tyson Fury ,90.47314783966388,37.79355455353817,40.829033545052354,Otto Wallin,55.524073066603655,39.38346218207468,30.833071154395107,247.5,240.54
6,7,Tyson Fury ,72.4365651658895,29.015422644548202,30.847538265272416,Otto Wallin,54.20525405821482,25.85080040100153,23.129150005994838,247.5,240.54
6,8,Tyson Fury ,66.76021699989388,23.551288114937226,23.620816205347733,Otto Wallin,45.335502431895,18.658691791479562,19.075092852320566,247.5,240.54
6,9,Tyson Fury ,57.487313162898516,20.167346369480477,16.823592670878917,Otto Wallin,36.02955769960648,14.589056195418504,12.226578281235904,247.5,240.54
6,10,Tyson Fury ,49.52461376804571,17.365474105929827,13.136785997751886,Otto Wallin,32.99803509550542,15.613344212180586,8.13712243231521,247.5,240.54
6,11,Tyson Fury ,34.15941127504502,14.68580595713842,9.45345583933167,Otto Wallin,26.38712221140504,9.935623388183343,5.1828318025493,247.5,240.54
6,12,Tyson Fury ,26.757841965762708,8.872247250532105,7.641714385201063,Otto Wallin,28.58871795098211,3.59170659287451,3.7787268735617943,247.5,240.54
7,1,Artur Beterbiev ,88,68.4,81,Oleksandr Gvozdyk,88,67.5,78,178.65,174.95
7,2,Artur Beterbiev ,84.89059824879271,62.591523316253316,71.40236172039207,Oleksandr Gvozdyk,91.40804109005377,70.67136818513369,76.49542423103102,178.65,174.95
7,3,Artur Beterbiev ,76.99702915109286,58.84285371378522,63.02376575361199,Oleksandr Gvozdyk,85.47750124216908,52.86345941498583,70.5165106062134,178.65,174.95
7,4,Artur Beterbiev ,63.17357998800043,64.70333010009237,56.17658502522015,Oleksandr Gvozdyk,75.68503602392991,44.50480683517623,57.44104892083452,178.65,174.95
7,5,Artur Beterbiev ,55.868035726440404,53.246754863934456,47.21196875413231,Oleksandr Gvozdyk,66.59386208155377,37.42332743853871,46.53976236381608,178.65,174.95
7,6,Artur Beterbiev ,40.46824276667978,50.12655071057984,42.11097640229242,Oleksandr Gvozdyk,56.79933581321735,21.864679179837704,38.15193799061641,178.65,174.95
7,7,Artur Beterbiev ,36.14824665947393,33.97711647176453,29.352448505329555,Oleksandr Gvozdyk,31.637523451292335,19.529710200669896,30.478176583571404,178.65,174.95
7,8,Artur Beterbiev ,36.14206444994976,27.26278689848558,22.21004848070708,Oleksandr Gvozdyk,29.520335354475332,21.48958738060402,22.777952531972552,178.65,174.95
7,9,Artur Beterbiev ,22.68215785325835,24.446584443663014,20.307155489981977,Oleksandr Gvozdyk,19.959384206005932,13.181014056886735,15.635608177256001,178.65,174.95
7,10,Artur Beterbiev ,27.986707844939634,27.98726966086929,13.353354787613515,Oleksandr Gvozdyk,10.395928668762297,8.824325890309662,10.428745582157871,178.65,174.95
8,1,Dereck Chisora ,65,63.9,78,David Price,65,65.6,70,238.35,246.75
8,2,Dereck Chisora ,65.41830719243227,55.08996843233813,64.54490079666968,David Price,57.31888871516698,60.32538933803409,58.543652676047316,238.35,246.75
8,3,Dereck Chisora ,58.44160337635165,39.65621863611985,47.117939791563025,David Price,48.19431378729428,49.0178797117657,41.89957608790988,238.35,246.75
8,4,Dereck Chisora ,45.4168531977364,26.43777736945056,31.307494824292117,David Price,35.664569203669295,33.78145159288645,25.560887237277335,238.35,246.75
9,1,Olajide William Olatunji ,0,0,0,Logan Paul,0,0,0,0,0
9,2,Olajide William Olatunji ,0,0,0,Logan Paul,0,0,0,0,0
9,3,Olajide William Olatunji ,0,0,0,Logan Paul,0,0,0,0,0
9,4,Olajide William Olatunji ,0,0,0,Logan Paul,0,0,0,0,0
9,5,Olajide William Olatunji ,0,0,0,Logan Paul,0,0,0,0,0
9,6,Olajide William Olatunji ,0,0,0,Logan Paul,0,0,0,0,0
10,1,Sugar Ray Leonard ,73,66.9,82,Marvin Hagler,73,62,89,151.51,177.35
10,2,Sugar Ray Leonard ,67.60960151902911,63.79068541222126,81.76897092471471,Marvin Hagler,75.48473544504807,59.645820029545995,85.66617103960675,151.51,177.35
10,3,Sugar Ray Leonard ,67.31809213514701,53.5652347195804,78.88006900791294,Marvin Hagler,73.25771186844847,55.42850041707985,80.10498419461138,151.51,177.35
10,4,Sugar Ray Leonard ,57.5151278497837,50.86343392700153,70.76379880857058,Marvin Hagler,69.82640363905426,54.539529316221504,72.4660896277446,151.51,177.35
10,5,Sugar Ray Leonard ,53.858811089465725,45.58393405617541,61.612402137800906,Marvin Hagler,63.658429532313036,47.834298052585545,61.69714421521542,151.51,177.35
10,6,Sugar Ray Leonard ,47.16131574981759,37.89149703910862,54.925705707161015,Marvin Hagler,64.01898875983414,41.31186758158918,51.546065612382094,151.51,177.35
10,7,Sugar Ray Leonard ,38.23349342122539,34.03978756494307,48.51718020753781,Marvin Hagler,55.55308758912191,32.769915191625124,42.96686987289089,151.51,177.35
10,8,Sugar Ray Leonard ,29.70634057856229,27.240650919254684,39.359798655176036,Marvin Hagler,48.14936768349397,23.373634576453654,33.022485916178965,151.51,177.35
10,9,Sugar Ray Leonard ,26.645564806643158,22.566789483829808,28.47400340637092,Marvin Hagler,42.34139467509463,14.489956548884283,23.926160174010896,151.51,177.35
10,10,Sugar Ray Leonard ,21.526236116968466,17.597366472893125,20.190206936615635,Marvin Hagler,30.42966369103975,12.87928749829652,16.86651540592295,151.51,177.35
10,11,Sugar Ray Leonard ,16.817090365119952,11.823044100919066,13.926022144469348,Marvin Hagler,23.281043999271258,9.62510079364173,11.213241577169251,151.51,177.35
10,12,Sugar Ray Leonard ,10.636518822974294,6.48057853344516,9.86229278247237,Marvin Hagler,14.977221191669873,3.49549604816079,8.138019313879461,151.51,177.35
11,1,Mike Tyson ,83,61.8,82,Michael Spinks,83,65.3,83,369.29,321.86
12,1,Raul Pinzon ,70,39.6,72,Saul Alvarez,70,41.1,71,149.6,156.18
13,1,Saul Alvarez ,67,42.4,76,Antonio Fitch,67,26.7,50,155.67,142.28
14,1,Scott Belshaw ,63,49.7,56,Tyson Fury,63,59,63,235.48,249.06
14,2,Scott Belshaw ,46.82581645852215,33.2144736256718,35.53984622664837,Tyson Fury,44.71999185734971,43.46871320614023,42.845786789823094,235.48,249.06
15,1,Carlos Leonardo Herrera ,57,49,62,Saul Alvarez,57,46.4,81,148.8,153.77
16,1,Damon Mccreary ,73,44.7,60,Deontay Wilder,73,52.1,71,177.41,243.21
16,2,Damon Mccreary ,50.38157733612907,32.497149717243644,42.22149392897605,Deontay Wilder,52.31666810287343,34.43863749439714,42.680949949980565,177.41,243.21
17,1,Callum Smith ,77,59.6,63,Rocky Fielding,77,55.8,72,169.11,170
18,1,Dillian Whyte ,75,54.3,72,Anthony Joshua,75,64.3,73,225.84,235.76
18,2,Dillian Whyte ,81.56996323967176,53.88009880941751,62.35115332566846,Anthony Joshua,74.97596825745455,63.619034795326186,63.104005584152716,225.84,235.76
18,3,Dillian Whyte ,77.98790619126699,40.95369334165531,48.67983976024864,Anthony Joshua,69.89867612520462,60.93654485843934,54.04044586021078,225.84,235.76
18,4,Dillian Whyte ,77.89121371734326,36.14073984811139,36.73185588221921,Anthony Joshua,66.48669812488308,54.07079778726365,41.7655190777303,225.84,235.76
18,5,Dillian Whyte ,69.56447482292944,28.13142197282816,27.290011042565585,Anthony Joshua,47.102408807607404,53.74456029367033,34.389542623714625,225.84,235.76
18,6,Dillian Whyte ,63.479831250245745,18.953609463400078,18.36097927226292,Anthony Joshua,36.77372652254547,47.673310472636345,23.501101994072666,225.84,235.76
18,7,Dillian Whyte ,55.536775786322615,12.599320766452985,12.879632712984579,Anthony Joshua,25.067574017921483,34.936325651828575,12.245465469379667,225.84,235.76
20,1,Dominic Wade ,70,54.6,67,Gennady Golovkin,70,65.7,82,162.48,159.66
20,2,Dominic Wade ,52.99045945401632,39.14411450566663,43.894880114732445,Gennady Golovkin,49.70320326179529,52.46223560302561,56.93871276753719,162.48,159.66
21,1,Anthony Joshua ,87,65.4,78,Dominic Breazeale,87,54,78,237.04,237.83
21,2,Anthony Joshua ,100.72899672026142,51.48114010304063,69.45433268182498,Dominic Breazeale,97.26840848244095,56.540466199194015,70.13000809735082,237.04,237.83
21,3,Anthony Joshua ,83.74996702866345,49.27900961252266,54.8486717871845,Dominic Breazeale,89.49244813496385,47.232857778326924,59.18232094512353,237.04,237.83
21,4,Anthony Joshua ,80.34288410401108,42.56059890432044,39.0201847621683,Dominic Breazeale,77.68595766111787,47.36194513201318,47.63209553853481,237.04,237.83
21,5,Anthony Joshua ,72.80251873035309,35.87982846049088,28.39985637242365,Dominic Breazeale,58.89901258306211,39.684374615269675,35.24748236046672,237.04,237.83
21,6,Anthony Joshua ,61.56696261655699,27.71245864633446,19.09467159161187,Dominic Breazeale,39.6822719669033,31.215769521919896,25.208950006951792,237.04,237.83
21,7,Anthony Joshua ,48.165609454032236,17.77939075655265,14.055062984640438,Dominic Breazeale,29.504972079404574,25.058172188929063,17.210462185971547,237.04,237.83
22,1,Charles Martin ,80,46.8,74,Anthony Joshua,80,64.6,75,239.9,236.51
22,2,Charles Martin ,52.53847777237999,28.18668707095526,45.883904569191486,Anthony Joshua,69.46934334618487,45.283159730519884,47.69630850304252,239.9,236.51
23,1,Kell Brook ,75,63.9,79,Gennady Golovkin,75,65.8,83,149.14,159.66
23,2,Kell Brook ,64.7319069004059,55.99964973267757,73.5932601333511,Gennady Golovkin,71.87563639046341,53.92631988879964,75.58319278589771,149.14,159.66
23,3,Kell Brook ,49.889825046859656,50.06540012635105,64.48081633371353,Gennady Golovkin,66.66792109142008,51.23665059433473,61.46839998415662,149.14,159.66
23,4,Kell Brook ,37.36601216437647,35.38490697974268,49.12272729001267,Gennady Golovkin,43.67352341730186,37.264637581224044,43.811211034630844,149.14,159.66
23,5,Kell Brook ,22.740772655967323,25.66022588065524,35.93701908805173,Gennady Golovkin,31.053393270842534,25.377972202376206,30.264134235602963,149.14,159.66
24,1,Jorge Linares ,71,61.2,76,Anthony Crolla,71,58,76,128.77,135.02
24,2,Jorge Linares ,75.45214939903953,60.17675130616476,76.16667601700915,Anthony Crolla,70.02450078690119,53.55444433305518,78.44141089438526,128.77,135.02
24,3,Jorge Linares ,69.19467000463641,55.983526950014415,72.61662477479877,Anthony Crolla,63.88694854171702,54.11786932090655,75.4013142312757,128.77,135.02
24,4,Jorge Linares ,59.77033111290123,54.85260868280866,67.86606435264005,Anthony Crolla,55.769390177051484,48.095427308869176,68.02687799496734,128.77,135.02
24,5,Jorge Linares ,52.21624956969862,45.770033132934856,60.397208387927414,Anthony Crolla,53.58348540175201,41.49050268882856,61.997959448103686,128.77,135.02
24,6,Jorge Linares ,43.20374892397895,36.10226224058432,52.0159217111703,Anthony Crolla,44.70905822919964,33.27614812167049,54.24872828817404,128.77,135.02
24,7,Jorge Linares ,35.901405546646615,29.44716803456178,44.6186498215771,Anthony Crolla,31.86195866561917,27.65304783242883,45.26949390301935,128.77,135.02
24,8,Jorge Linares ,28.726466437033906,25.105750155645204,36.7966168443177,Anthony Crolla,24.13431722103857,20.52487943505865,39.05924948079208,128.77,135.02
24,9,Jorge Linares ,22.16114964990399,24.00862753704416,28.596885865688762,Anthony Crolla,19.40054918532915,19.09682686363627,31.669943939631892,128.77,135.02
24,10,Jorge Linares ,14.019846543569505,14.514810056948017,22.45893898016768,Anthony Crolla,15.53888311602799,12.52987930970809,26.008009966513413,128.77,135.02
24,11,Jorge Linares ,11.03877534495654,9.899443937922106,14.955166822606948,Anthony Crolla,10.739532183054923,6.658568317696484,18.930001117102652,128.77,135.02
24,12,Jorge Linares ,12.112914893738251,8.851059596862918,10.3083332813613,Anthony Crolla,7.990623347769832,2.4477827480509884,13.009051974611584,128.77,135.02
25,1,Saul Alvarez ,72,58.6,84,Liam Smith,72,55.3,68,152.71,154.61
25,2,Saul Alvarez ,73.7244810108144,56.05167502743983,79.28500437323993,Liam Smith,71.70609344967451,49.01323016710639,62.56771532509411,152.71,154.61
25,3,Saul Alvarez ,68.11560484810111,48.74886889400427,71.71166868439472,Liam Smith,73.89379043157795,39.171589698656895,56.95562271260824,152.71,154.61
25,4,Saul Alvarez ,59.384509166370016,44.84653631790755,65.64073961912663,Liam Smith,68.5045188537646,34.757030732902834,50.39616380655906,152.71,154.61
25,5,Saul Alvarez ,45.89675613645709,34.686919913772634,56.25910213138055,Liam Smith,51.07802688176115,23.27665032725533,44.31093459880794,152.71,154.61
25,6,Saul Alvarez ,40.14369789070565,27.288637626909658,46.18815393615594,Liam Smith,42.89527831155724,20.82697758117512,37.509377264565174,152.71,154.61
25,7,Saul Alvarez ,29.210746957831912,19.527445812642796,35.84807851968141,Liam Smith,40.137677017498355,13.992464445739916,28.571985177593742,152.71,154.61
25,8,Saul Alvarez ,20.08678914255624,14.188568386396582,24.551348821394452,Liam Smith,27.308872016975496,10.227630633780473,19.608836786089153,152.71,154.61
25,9,Saul Alvarez ,17.34191625756004,11.567468793583924,18.447257811352255,Liam Smith,15.547090536029044,7.212700261278807,13.199998478006016,152.71,154.61
26,1,Sergey Kovalev ,81,57.8,77,Andre Ward,81,63,81,175,166.41
26,2,Sergey Kovalev ,89.05234340450741,55.23023914320788,72.33148597746201,Andre Ward,80.09975988045974,63.40036669814531,77.53427983409432,175,166.41
26,3,Sergey Kovalev ,89.53022697937571,50.53243343665382,66.73396417834094,Andre Ward,78.9070162921541,60.16732716671855,72.22502157921771,175,166.41
26,4,Sergey Kovalev ,90.53092850889416,47.96179948428202,61.42062177780237,Andre Ward,71.48643240264077,52.664090082375125,64.66413169290469,175,166.41
26,5,Sergey Kovalev ,87.0749477354768,42.39966885332823,51.930870827176705,Andre Ward,65.12866169802673,46.7499153689878,56.27731765514837,175,166.41
26,6,Sergey Kovalev ,72.8720390525936,40.184402778801875,43.51997578584689,Andre Ward,62.23272124706985,34.91158498424648,47.12982484924525,175,166.41
26,7,Sergey Kovalev ,62.649366548983295,25.966046664176506,36.28486659238066,Andre Ward,52.53230688257858,29.598401247268086,36.62200996412236,175,166.41
26,8,Sergey Kovalev ,49.35351884019467,24.90802719287019,25.60646874328192,Andre Ward,44.88315145045439,22.30042989455205,30.644594240599343,175,166.41
26,9,Sergey Kovalev ,45.05889173826718,23.743415730330582,19.059213184304106,Andre Ward,36.11578520272598,14.305286094435345,25.047992172338628,175,166.41
26,10,Sergey Kovalev ,30.77342958291853,20.95267217134505,13.906143586907335,Andre Ward,24.645925045471973,10.86931573499807,18.513471063135476,175,166.41
26,11,Sergey Kovalev ,22.664185327329147,20.743440530863843,10.669887059677968,Andre Ward,15.686928805248256,12.538682389394646,14.036717211234352,175,166.41
26,12,Sergey Kovalev ,13.48850142026,14.543690124233628,4.576867499914256,Andre Ward,8.257332028384331,10.16178855796885,11.691049486813492,175,166.41
27,1,Andy Ruiz Jr ,72,54.3,78,Joseph Parker,72,61.5,82,248.4,246.11
27,2,Andy Ruiz Jr ,77.3494101185878,54.22283247453363,68.5041197973269,Joseph Parker,75.40035318966912,65.51537686754686,72.45109295263948,248.4,246.11
27,3,Andy Ruiz Jr ,75.28365778709173,47.83814741432346,60.93920799407297,Joseph Parker,86.56831205856481,56.517462146176776,61.58533298394359,248.4,246.11
27,4,Andy Ruiz Jr ,83.37107873455301,40.72426654759381,49.06046676389127,Joseph Parker,86.13715601780996,53.99734592229197,52.11414674371012,248.4,246.11
27,5,Andy Ruiz Jr ,73.72556351290841,35.700545181733084,40.342774298660885,Joseph Parker,95.72392503933192,50.65229214108731,42.90935516737748,248.4,246.11
27,6,Andy Ruiz Jr ,64.82111733183943,32.21404362113095,29.732634468973643,Joseph Parker,93.6983192998128,44.331407553029486,31.577376043518594,248.4,246.11
27,7,Andy Ruiz Jr ,61.661865494027055,25.008198339865608,22.05719760913124,Joseph Parker,85.18033366674008,35.56568233308352,25.547421148059932,248.4,246.11
27,8,Andy Ruiz Jr ,56.98688669625278,19.428398327216858,19.78867016109041,Joseph Parker,77.73569859550364,30.122076790969135,18.494814899931637,248.4,246.11
27,9,Andy Ruiz Jr ,48.73384615905795,12.844714905154408,12.30442739734711,Joseph Parker,57.07193257876235,21.402997775941042,12.139060325384621,248.4,246.11
27,10,Andy Ruiz Jr ,39.39707433543141,9.76278449305494,9.363939809669946,Joseph Parker,51.49085580124722,13.143152601902989,9.39751411530001,248.4,246.11
27,11,Andy Ruiz Jr ,37.790743954369475,4.140546102251978,7.151568021696417,Joseph Parker,41.56787729678314,4.500927827928155,8.783806524621246,248.4,246.11
27,12,Andy Ruiz Jr ,29.476286030874576,0,1.873234351865751,Joseph Parker,32.91720319668072,5.452939322768158,6.982949550404073,248.4,246.11
28,1,Deontay Wilder ,89,60.9,80,Gerald Washington,89,57.7,74,242.79,247.53
28,2,Deontay Wilder ,79.80388170300405,57.764105258407,69.79230765459913,Gerald Washington,91.54332366517595,58.9249032276657,62.402863145552296,242.79,247.53
28,3,Deontay Wilder ,71.1084545580751,45.54153714842502,54.056684471217046,Gerald Washington,85.35950982090172,51.967432916969635,51.00191540454499,242.79,247.53
28,4,Deontay Wilder ,61.74544176693479,33.89481230154774,35.6531345996921,Gerald Washington,71.4709999092728,43.99762413902403,34.54450546449689,242.79,247.53
28,5,Deontay Wilder ,49.19939680340444,21.123379543422345,23.98012441053641,Gerald Washington,54.24149618254301,29.472611391006797,22.060258316855414,242.79,247.53
29,1,Daniel Dubois ,0,0,0,Marcus Kelly,0,0,0,0,0
32,1,Adrian Granados ,61,52.7,78,Shawn Porter,61,62.4,80,141.39,152.53
32,2,Adrian Granados ,60.842009125941686,48.46554194401012,78.38684966672835,Shawn Porter,55.09540175030011,55.600680639044974,76.51574003515702,141.39,152.53
32,3,Adrian Granados ,49.82610832817589,47.51251515911019,76.19482208237852,Shawn Porter,53.57655329106953,54.69413523696009,70.51521906219837,141.39,152.53
32,4,Adrian Granados ,50.88233183308147,38.55214166513957,69.24877380148669,Shawn Porter,50.50442419149534,46.35375766523415,65.6584185200667,141.39,152.53
32,5,Adrian Granados ,39.62592960984561,33.88878442444515,63.16141438614641,Shawn Porter,42.88371725926662,37.70039247953211,57.51658419106506,141.39,152.53
32,6,Adrian Granados ,32.20455682506601,28.166664088162435,55.63445017559233,Shawn Porter,34.48997800550983,31.966094367308564,49.13383743814752,141.39,152.53
32,7,Adrian Granados ,24.430895900128927,19.701451535002985,47.351997452132686,Shawn Porter,26.8900061401101,27.872840807217298,38.86115948786664,141.39,152.53
32,8,Adrian Granados ,19.21109766601332,17.99647910156407,39.33142286864248,Shawn Porter,18.06158967012634,20.57001890991415,31.140168997056534,141.39,152.53
32,9,Adrian Granados ,17.813720572603106,13.140589008646458,31.95422758611677,Shawn Porter,16.12705605180771,18.35053420697865,24.672484278486056,141.39,152.53
32,10,Adrian Granados ,7.832599781410573,11.679513070734991,22.740322017342717,Shawn Porter,16.725242305037792,11.428133358704134,17.701944047599135,141.39,152.53
32,11,Adrian Granados ,7.905680943210161,8.665549593959803,16.18402801226995,Shawn Porter,13.84285369157759,8.181130660878033,14.14557300916956,141.39,152.53
32,12,Adrian Granados ,6.158558125402231,10.304483011310266,12.023691949219963,Shawn Porter,8.903228415355168,2.4836655219435264,10.035535283514555,141.39,152.53
33,1,Horacio Garcia ,66,48.2,74,Carl Frampton,66,60.3,77,122.48,121.85
33,2,Horacio Garcia ,59.522368044117975,47.73672514057063,71.7972752557389,Carl Frampton,60.203134410297984,56.62184882142113,77.12338103714794,122.48,121.85
33,3,Horacio Garcia ,54.41088840633443,48.23307876219109,69.81526478793143,Carl Frampton,51.264558745782864,50.23310744517024,73.90720970651567,122.48,121.85
33,4,Horacio Garcia ,48.80127657837051,44.938695992670155,63.12488573998327,Carl Frampton,44.34183218932267,44.59702285613504,69.25120946754507,122.48,121.85
33,5,Horacio Garcia ,42.029625254532455,38.36050900154062,57.48763631770471,Carl Frampton,34.994752213196485,37.30948419480951,60.9189508411807,122.48,121.85
33,6,Horacio Garcia ,30.60105524829125,36.67958885090513,50.433040779983415,Carl Frampton,34.625530817692336,34.902529427682296,52.509181082170464,122.48,121.85
33,7,Horacio Garcia ,22.62361902862169,29.25888282174194,42.10805206030746,Carl Frampton,29.242296843983112,32.13155987386421,43.37725523788044,122.48,121.85
33,8,Horacio Garcia ,15.26591099194718,21.711595019759834,31.881718736742872,Carl Frampton,18.341338546133635,24.198954447455854,33.25781752651181,122.48,121.85
33,9,Horacio Garcia ,11.503123252054467,17.293138728510147,23.27873157327664,Carl Frampton,13.343427457229467,17.032327220482742,23.088581962512297,122.48,121.85
33,10,Horacio Garcia ,4.097435614864306,11.447030818202084,17.116819528515666,Carl Frampton,7.318194694233279,12.725315045512437,15.016935464201223,122.48,121.85
34,1,Yoan Boyeaux ,65,47.8,77,Naoya Inoue,65,62.4,72,119.97,109.2
34,2,Yoan Boyeaux ,54.603386234342494,40.211870454650764,67.37486671939787,Naoya Inoue,59.54510687201066,50.973838844056154,62.8328904071548,119.97,109.2
34,3,Yoan Boyeaux ,35.70515043533035,27.226293298753262,48.769552508963486,Naoya Inoue,40.02541259943969,33.7291392332899,46.27025522117243,119.97,109.2
35,1,Luis Ortiz ,75,63.9,79,Deontay Wilder,75,61.9,81,237.75,243.1
35,2,Luis Ortiz ,75.84936389767265,66.45391189344792,71.46858583482265,Deontay Wilder,71.2346824149907,67.69739150299873,74.16483629295534,237.75,243.1
35,3,Luis Ortiz ,82.52201451199409,62.72706775897843,63.490777700849385,Deontay Wilder,59.70552850630606,60.900311110150675,62.74729102916116,237.75,243.1
35,4,Luis Ortiz ,75.83433971242978,55.92745459920532,52.80067022026873,Deontay Wilder,54.767391866719095,55.384763488788536,50.6581926474678,237.75,243.1
35,5,Luis Ortiz ,78.57267712670891,37.149334020307265,41.63939223906101,Deontay Wilder,52.69935471131092,47.66265847294186,40.30729692300746,237.75,243.1
35,6,Luis Ortiz ,70.55860548164138,30.836930129002923,32.37625863752415,Deontay Wilder,52.41208599766635,39.73042698866578,29.82925361341175,237.75,243.1
35,7,Luis Ortiz ,64.07696072346577,28.30870143984358,27.253042547564228,Deontay Wilder,42.49243983225299,30.749221659601524,23.268726345875717,237.75,243.1
35,8,Luis Ortiz ,54.10863022103235,24.812162512543452,18.810578604455106,Deontay Wilder,34.91451830385871,20.32495949593961,17.359216437724726,237.75,243.1
35,9,Luis Ortiz ,49.4792351915495,23.996771938345056,11.365963869331193,Deontay Wilder,29.663512590006945,16.69357524733397,9.70171856464742,237.75,243.1
35,10,Luis Ortiz ,31.605370071096562,17.220252910671057,6.30134113237972,Deontay Wilder,26.349652514084156,18.947857245789077,6.928325912062744,237.75,243.1
36,1,Joseph Parker ,78,63,82,Anthony Joshua,78,68.6,82,247.77,237.26
36,2,Joseph Parker ,87.42798022954948,62.377329542506125,74.73768077550169,Anthony Joshua,88.61486551604119,72.3267224267343,73.26339822850869,247.77,237.26
36,3,Joseph Parker ,87.7270175432769,53.50364674550421,66.58797296347703,Anthony Joshua,88.16126520244757,72.3366004034326,66.1931997517907,247.77,237.26
36,4,Joseph Parker ,86.51234513615567,46.88817725262926,54.320751950845036,Anthony Joshua,87.27592988903464,60.4472026943875,56.04739141168504,247.77,237.26
36,5,Joseph Parker ,75.35318929499267,37.51962255657993,43.35704956784446,Anthony Joshua,84.89790277282492,52.70611907992119,44.67677516595473,247.77,237.26
36,6,Joseph Parker ,71.51891891343325,37.71786040658058,33.539706133330895,Anthony Joshua,75.44128039540827,41.833738775956824,37.2474169437664,247.77,237.26
36,7,Joseph Parker ,57.91076503434496,33.23510206207465,23.306247546262306,Anthony Joshua,71.09070137160205,44.855254815995856,28.10763492410098,247.77,237.26
36,8,Joseph Parker ,39.43572155222024,24.460802074649088,14.505196526170913,Anthony Joshua,54.99650147043296,40.2196467353386,22.199603613662763,247.77,237.26
36,9,Joseph Parker ,35.02420221105594,13.101516577410512,10.906170375733213,Anthony Joshua,56.23418580328003,40.809706210363935,9.504222931526634,247.77,237.26
36,10,Joseph Parker ,26.751369762425007,12.02404652147365,9.81791039332086,Anthony Joshua,45.8081229286208,34.95499500149945,5.437350415866238,247.77,237.26
36,11,Joseph Parker ,21.97491571367886,8.131547600985474,6.166585724718187,Anthony Joshua,30.277089924841256,28.88432952482183,4.666263055278445,247.77,237.26
36,12,Joseph Parker ,21.041988844051662,2.197948124212374,2.816792717894215,Anthony Joshua,27.21529974576961,12.176375479781814,1.6143441015877795,247.77,237.26
37,1,Vanes Martirosyan ,67,62.9,79,Gennady Golovkin,67,67,84,164.37,159.66
37,2,Vanes Martirosyan ,50.208036980298324,45.21695949495851,54.78725365298285,Gennady Golovkin,45.19477662791937,49.67329758991986,54.90945571371302,164.37,159.66
38,1,Lee Selby ,60,60.4,71,Josh Warrington,60,57.6,70,128.39,127.08
38,2,Lee Selby ,56.668555351254334,61.07727098303899,70.98692740148033,Josh Warrington,53.8123264778288,56.38577905062736,70.56579148118838,128.39,127.08
38,3,Lee Selby ,53.66662010560816,58.41270089992177,68.06887549767768,Josh Warrington,45.554309312542024,49.15941776594811,70.16445715982823,128.39,127.08
38,4,Lee Selby ,48.23766312845929,53.01895466078836,63.19488914761615,Josh Warrington,36.25679894400845,46.991822171861884,65.01520073139591,128.39,127.08
38,5,Lee Selby ,42.23406664165378,46.919088549752146,55.88835565703354,Josh Warrington,28.024365610796824,40.95578776077165,59.71270710259114,128.39,127.08
38,6,Lee Selby ,32.051334248380456,43.94293923116143,49.345763650047125,Josh Warrington,22.462875633050686,35.405624889665646,53.005211332876264,128.39,127.08
38,7,Lee Selby ,27.76099744776981,36.01182620098263,41.9848800775263,Josh Warrington,16.12740082786642,29.66100290288046,45.21279329948663,128.39,127.08
38,8,Lee Selby ,24.92762564595385,27.929579730394323,33.49061560921165,Josh Warrington,10.77558809024542,25.168452814634204,38.638098518529596,128.39,127.08
38,9,Lee Selby ,17.47709899489497,23.58913753846512,26.307839960929545,Josh Warrington,6.230766069109301,22.144014429306843,30.078371749074584,128.39,127.08
38,10,Lee Selby ,14.358256942263443,17.194115809603684,22.976741622071916,Josh Warrington,1.4176100319322698,18.92594093094694,23.651988109726823,128.39,127.08
38,11,Lee Selby ,15.63326132304889,15.822056559615815,15.41129296615043,Josh Warrington,0,16.954925845572845,17.17785540755539,128.39,127.08
38,12,Lee Selby ,5.2044337111563275,11.748767396800567,12.071794936769322,Josh Warrington,1.9669074163471365,13.382140450388588,12.386423805939751,128.39,127.08
39,1,Jamie Mcdonnell ,60,58.5,77,Naoya Inoue,60,63.3,73,123.22,109.2
40,1,Sefer Seferi ,68,43.3,61,Tyson Fury,68,65.6,79,197.91,248.92
40,2,Sefer Seferi ,57.66010793368855,39.94811362963737,51.881501461358624,Tyson Fury,78.69331332958309,57.24789190273988,64.11792515950293,197.91,248.92
40,3,Sefer Seferi ,41.718881272995425,32.5925842588483,39.00613775097475,Tyson Fury,69.03825781761955,44.746019742319305,45.30637347203456,197.91,248.92
40,4,Sefer Seferi ,30.446938820746976,20.431322977891313,25.264959359931012,Tyson Fury,54.55935999733504,30.267384932464218,29.667609763652504,197.91,248.92
41,1,Errol Spence Jr ,82,60.8,76,Carlos Ocampo,82,51.4,79,148.6,143.08
42,1,Danny Garcia ,70,64.6,81,Shawn Porter,70,62.9,80,141.8,152.53
42,2,Danny Garcia ,69.962391253299,66.42173449014686,78.26113252697371,Shawn Porter,68.82637702127685,65.85345613539144,76.8597935499511,141.8,152.53
42,3,Danny Garcia ,61.841367010800624,63.57949260999722,75.57081485915364,Shawn Porter,66.4778405701021,62.6375909063531,71.44654635209064,141.8,152.53
42,4,Danny Garcia ,59.918074785336884,52.76652635799174,67.97613725319708,Shawn Porter,59.3264489959401,56.13139843887352,67.80797295497484,141.8,152.53
42,5,Danny Garcia ,48.66945751527388,42.82484644064372,60.51722496400086,Shawn Porter,54.94658870431311,51.4307298225127,60.92837986649923,141.8,152.53
42,6,Danny Garcia ,43.214642619482014,38.70527348255273,53.59671969202506,Shawn Porter,50.2807572941033,45.5126937454355,54.96506292836429,141.8,152.53
42,7,Danny Garcia ,32.23558299177316,34.24739424462654,45.92523827923761,Shawn Porter,41.585026703741605,37.5244396038312,46.204137077572824,141.8,152.53
42,8,Danny Garcia ,25.11719478697994,27.320832750157752,36.453879538251854,Shawn Porter,30.732897728236043,32.78714762138536,38.797235866225016,141.8,152.53
42,9,Danny Garcia ,18.952575095801873,23.836794859662632,27.70311364268393,Shawn Porter,26.296218473305647,27.593904798883912,29.864929709049743,141.8,152.53
42,10,Danny Garcia ,16.38282894281522,16.54930165505258,22.704614188322672,Shawn Porter,22.152269720943018,24.81156893745283,23.2754634401519,141.8,152.53
42,11,Danny Garcia ,12.097811184920452,13.716110864648874,17.1077482362325,Shawn Porter,13.808249627065237,19.63945310675192,15.51378732868426,141.8,152.53
42,12,Danny Garcia ,10.120555795869477,9.957383080974635,9.57134242201782,Shawn Porter,7.913952556186133,14.299517545591867,10.51393234240008,141.8,152.53
43,1,Alexander Povetkin ,75,72.3,81,Anthony Joshua,75,69.4,83,235.57,237.26
43,2,Alexander Povetkin ,77.29130019801423,66.74911386258175,71.18147593606028,Anthony Joshua,73.96112485822219,61.238256798164244,70.01457196906131,235.57,237.26
43,3,Alexander Povetkin ,72.10089106075752,56.65502984735038,55.93095454644217,Anthony Joshua,72.56525127732628,53.00586098398935,60.475641942690956,235.57,237.26
43,4,Alexander Povetkin ,60.624420030095266,47.62212182180113,45.33586739567821,Anthony Joshua,64.05991463567592,44.646616587109875,49.251996102081044,235.57,237.26
43,5,Alexander Povetkin ,45.73786084442558,36.38709443088358,30.764548764893917,Anthony Joshua,58.889179352336086,43.20941314310567,36.73550800038326,235.57,237.26
43,6,Alexander Povetkin ,36.39509214480198,23.45091224559744,22.33734044971107,Anthony Joshua,47.414398152560295,32.421093368526044,20.490289125110138,235.57,237.26
43,7,Alexander Povetkin ,28.89367500903564,16.514553399297984,12.04143570079458,Anthony Joshua,31.896758316269818,29.890924775093946,13.659319102806498,235.57,237.26
44,1,Saul Alvarez ,72,59.7,85,Gennady Golovkin,72,67.3,84,153.13,159.66
44,2,Saul Alvarez ,72.74541946384177,61.832144125427234,82.29497734315606,Gennady Golovkin,74.62594790863017,61.144956275598,81.88295430255064,153.13,159.66
44,3,Saul Alvarez ,67.52614314743747,60.24971005385049,76.48061767684582,Gennady Golovkin,75.98641683560432,64.49915756061279,78.6544779596596,153.13,159.66
44,4,Saul Alvarez ,62.80262192520765,54.15520940491568,70.38583408404332,Gennady Golovkin,73.29711555628809,63.04210269424762,71.29510888211229,153.13,159.66
44,5,Saul Alvarez ,59.26655226320023,48.606336174922106,61.48937114762482,Gennady Golovkin,70.4976059410031,57.64767230211506,60.86077287542906,153.13,159.66
44,6,Saul Alvarez ,48.47371243913317,44.8884952779779,51.243631785466086,Gennady Golovkin,66.51752967278246,53.85509921027877,50.1601396385377,153.13,159.66
44,7,Saul Alvarez ,40.66581273687567,40.521101936979335,43.26765550750546,Gennady Golovkin,57.92318617341572,44.878045094978276,41.78989420155419,153.13,159.66
44,8,Saul Alvarez ,31.196736583647414,34.40819523670593,33.804155089089505,Gennady Golovkin,47.81164421600887,42.17387112651421,29.681904863257305,153.13,159.66
44,9,Saul Alvarez ,25.179024556524027,30.705576055519245,26.72798981137745,Gennady Golovkin,36.75550615351715,29.838889838734104,23.96595044790457,153.13,159.66
44,10,Saul Alvarez ,20.679023107709778,22.482999175473108,19.398501216791058,Gennady Golovkin,25.400735002652745,20.99851761608191,18.80044863288869,153.13,159.66
44,11,Saul Alvarez ,16.941710003944944,15.40032905649557,13.190923187892983,Gennady Golovkin,16.773722055672273,14.470963648848656,13.649949247586006,153.13,159.66
44,12,Saul Alvarez ,12.533351784897604,9.093156193659103,10.053334427394159,Gennady Golovkin,13.571604447760693,9.67911155518221,11.464564056675197,153.13,159.66
45,1,Yvan Mendy ,60,54.1,66,Luke Campbell,60,59.6,71,139.83,135.24
45,2,Yvan Mendy ,51.58090582763753,48.091436287476135,62.371727413436,Luke Campbell,53.37804971183225,56.128605213565635,69.5710376071618,139.83,135.24
45,3,Yvan Mendy ,45.70246537002959,50.16276430341092,59.4406268665864,Luke Campbell,52.2325323455776,50.50770830005553,64.80077560871064,139.83,135.24
45,4,Yvan Mendy ,39.05603518673933,44.379845149214034,56.404102308223166,Luke Campbell,50.01568171164919,49.67355831772949,58.13348277388687,139.83,135.24
45,5,Yvan Mendy ,32.987060863818954,37.93543436811071,50.768602290302184,Luke Campbell,42.092755610415296,44.224037888335566,55.40604310090655,139.83,135.24
45,6,Yvan Mendy ,27.690094743975237,33.01460124021716,46.150037129620486,Luke Campbell,36.48346148859062,43.300709850529365,44.04642585164934,139.83,135.24
45,7,Yvan Mendy ,24.25295525643336,27.77899963904973,38.20194818345953,Luke Campbell,25.64006176953371,33.322592721994745,36.38537902960681,139.83,135.24
45,8,Yvan Mendy ,22.75200507668342,21.422165750165558,31.57691163351071,Luke Campbell,25.555683676199344,31.85574741945306,30.99283050016444,139.83,135.24
45,9,Yvan Mendy ,15.717835535728957,15.227489062543075,24.032673864923613,Luke Campbell,21.009737037200207,26.14572275184997,26.265573151968066,139.83,135.24
45,10,Yvan Mendy ,12.450097473605672,10.368788278993259,20.223412511850697,Luke Campbell,16.853495958531468,17.28528386410177,18.888505165432573,139.83,135.24
45,11,Yvan Mendy ,4.357848824314968,8.618683770032993,14.293674491361376,Luke Campbell,8.668237219024311,6.912485801798048,13.55445360764083,139.83,135.24
45,12,Yvan Mendy ,3.110893972329171,8.71136595960754,9.3397828638531,Luke Campbell,6.613219727590385,8.036994624976915,10.472276523692017,139.83,135.24
46,1,Juan Carlos Payano ,60,53.1,73,Naoya Inoue,60,64.3,73,119.18,109.2
48,1,Josh Warrington ,53,58.1,70,Carl Frampton,53,61.3,77,127.08,121.85
48,2,Josh Warrington ,50.56730761680129,56.08859089254703,68.409761385181,Carl Frampton,52.87121198223802,58.49641102894539,77.11982225848718,127.08,121.85
48,3,Josh Warrington ,44.94927327255844,55.06369749524341,66.81757588653787,Carl Frampton,48.113886073618296,51.27257564696104,74.24113821891882,127.08,121.85
48,4,Josh Warrington ,42.71617334511918,52.99753213979705,62.016737544766336,Carl Frampton,46.0258973183322,50.61578966541884,69.76471796410496,127.08,121.85
48,5,Josh Warrington ,42.7043654376766,45.13212836445639,56.43833300724654,Carl Frampton,33.1485640011929,53.436015560018085,64.04141617386324,127.08,121.85
48,6,Josh Warrington ,37.97491277809025,43.14044787833907,49.57635877743609,Carl Frampton,27.957866718399217,45.86513808083305,56.9258441949397,127.08,121.85
48,7,Josh Warrington ,30.90346352733954,35.247667273718825,43.52330039232608,Carl Frampton,23.10166156613684,39.62225609483767,50.26603507865413,127.08,121.85
48,8,Josh Warrington ,26.48319470362844,26.731139849996406,35.3327955490714,Carl Frampton,18.119899313109634,30.98607709020753,40.72878604628291,127.08,121.85
48,9,Josh Warrington ,19.96419821763039,23.8875943846922,26.771356184582636,Carl Frampton,13.530305396571684,26.915925992796943,33.453458635929906,127.08,121.85
48,10,Josh Warrington ,13.991692114769304,18.307375331569578,20.227547165912874,Carl Frampton,13.23376923801099,19.584556712995777,27.049914373867455,127.08,121.85
48,11,Josh Warrington ,11.469709123744074,12.000414678320805,16.110174112331592,Carl Frampton,7.6363262508770156,10.939553770456161,21.33843996053552,127.08,121.85
48,12,Josh Warrington ,6.978239158068348,9.776841595408689,9.491502705693591,Carl Frampton,7.405989550531451,8.186641266113739,15.475349856219488,127.08,121.85
49,1,James Degale ,69,66.8,78,Chris Eubank Jr,69,60.9,76,168.17,161.7
49,2,James Degale ,68.49150824518838,65.04880446230807,77.4899799782071,Chris Eubank Jr,63.52099659511486,56.87147015850365,75.21362986534908,168.17,161.7
49,3,James Degale ,74.22049773150785,58.60775144156664,75.14012730177261,Chris Eubank Jr,53.21212031796013,54.917427046165344,67.0890678166373,168.17,161.7
49,4,James Degale ,70.09534587353045,52.83298151552784,66.75372558429406,Chris Eubank Jr,49.65969784718323,51.723117074776574,61.23159851284164,168.17,161.7
49,5,James Degale ,63.45486416392408,44.502975827767884,57.150553766991536,Chris Eubank Jr,44.88948512061928,45.597790827943726,53.64012975301269,168.17,161.7
49,6,James Degale ,55.448862097034805,39.936327258268385,47.10246882515339,Chris Eubank Jr,50.597491134545606,37.7758810062064,48.72644661535368,168.17,161.7
49,7,James Degale ,45.2872771802233,32.211089979420635,38.60566705875635,Chris Eubank Jr,32.86072960641652,32.22921366771375,36.53824537374038,168.17,161.7
49,8,James Degale ,37.90395707123381,26.217874016843236,29.753855590911954,Chris Eubank Jr,23.702020098963335,21.545607208343466,28.338704503758663,168.17,161.7
49,9,James Degale ,33.87858995179836,19.73701957831121,21.764947263063853,Chris Eubank Jr,18.152974526862316,17.515792898794164,19.457755665928076,168.17,161.7
49,10,James Degale ,22.516240692861594,17.419352456520908,16.547182191967732,Chris Eubank Jr,12.568763889496338,13.036486917980415,15.040323465443434,168.17,161.7
49,11,James Degale ,10.090166997662868,11.98554355462308,14.690483381277891,Chris Eubank Jr,2.8574665724440886,14.432249576684011,10.84947010885002,168.17,161.7
49,12,James Degale ,8.203478626566827,6.746079487790082,10.843295542058698,Chris Eubank Jr,4.264141419214837,10.01002942414204,7.406151799914881,168.17,161.7
50,1,Yordenis Ugas ,63,57.3,73,Shawn Porter,63,63.5,80,144.06,152.53
50,2,Yordenis Ugas ,55.35510243561411,54.024987413464274,73.04396844190055,Shawn Porter,58.418306402201324,62.11809393328474,77.85885063359949,144.06,152.53
50,3,Yordenis Ugas ,47.68046087610318,45.23964220708254,67.82078771743224,Shawn Porter,57.45899430133691,59.48898517577004,74.29451123374723,144.06,152.53
50,4,Yordenis Ugas ,48.5554475610395,41.24194594430475,60.878377977567894,Shawn Porter,52.27742948751162,56.026769225992254,68.42480427205794,144.06,152.53
50,5,Yordenis Ugas ,42.0928998330421,35.08438728245933,54.23840964176724,Shawn Porter,47.89481878229695,51.267522359064174,60.04265555835881,144.06,152.53
50,6,Yordenis Ugas ,44.241347796486615,27.611916567224448,48.65290587146724,Shawn Porter,46.11723352815061,45.36099316426676,50.369756349784815,144.06,152.53
50,7,Yordenis Ugas ,33.144292658762836,23.379938402833577,38.587278413146215,Shawn Porter,39.40588583358458,38.588454002869454,41.53928726220692,144.06,152.53
50,8,Yordenis Ugas ,27.937418030673573,17.313091344962178,32.9064511819348,Shawn Porter,33.40147527362249,33.96816728075018,33.883065772479505,144.06,152.53
50,9,Yordenis Ugas ,22.28294601690755,12.0659241963366,27.79319057350369,Shawn Porter,25.762808742867342,25.075198837140086,27.915365581397193,144.06,152.53
50,10,Yordenis Ugas ,19.815605594712896,9.333978837129822,20.975259873009012,Shawn Porter,16.859845381188617,20.347463954277398,19.692150193226784,144.06,152.53
50,11,Yordenis Ugas ,18.422883212152126,2.2001203091193187,13.802155818405204,Shawn Porter,9.744625902954384,15.701621104810414,14.826698896700453,144.06,152.53
50,12,Yordenis Ugas ,9.184570068179694,4.435141012226011,9.455299125806778,Shawn Porter,3.934863460107268,7.837733505310214,7.814934724664265,144.06,152.53
51,1,Adrian Young ,63,39.8,70,Luke Campbell,63,60,71,124.01,135.24
51,2,Adrian Young ,55.35844400401417,34.92704862718879,67.52335847078183,Luke Campbell,64.35976330219006,57.51215184179564,68.30147526496019,124.01,135.24
51,3,Adrian Young ,49.562252899507776,31.86930669731507,57.37998482978528,Luke Campbell,52.14605163494939,50.32042420648423,59.91029771552045,124.01,135.24
51,4,Adrian Young ,47.31867750861966,27.0476343334081,46.735021655574016,Luke Campbell,43.45751326307681,34.006760976930295,45.376818052779285,124.01,135.24
51,5,Adrian Young ,35.22989545351126,19.74473923017308,32.16281473763455,Luke Campbell,29.168895735631384,24.21678726527896,32.13582533121897,124.01,135.24
52,1,Mikey Garcia ,75,63.5,79,Errol Spence Jr,75,61.5,76,127.69,148.6
52,2,Mikey Garcia ,75.43366577794492,62.83757547719466,76.22071587980352,Errol Spence Jr,62.38645567109678,60.441592525792906,72.95646120280556,127.69,148.6
52,3,Mikey Garcia ,74.077180546828,55.73533048130398,73.49770308531313,Errol Spence Jr,66.76473913609826,58.826669439323844,71.2193707039615,127.69,148.6
52,4,Mikey Garcia ,65.14770887187315,53.50237064183428,70.79196038312581,Errol Spence Jr,57.91158998566115,58.732472061603396,69.09611044126656,127.69,148.6
52,5,Mikey Garcia ,48.383373595929534,47.10072375272853,66.31796089891378,Errol Spence Jr,50.313626718164315,56.79985188555679,64.1743994390405,127.69,148.6
52,6,Mikey Garcia ,41.80895923608406,41.13362343178429,58.292945366106316,Errol Spence Jr,52.04330002677602,54.81272968886372,54.73497201683667,127.69,148.6
52,7,Mikey Garcia ,30.813712500036342,31.16002540471837,47.42742200735576,Errol Spence Jr,37.815717753324655,46.539087851151706,46.97595508963218,127.69,148.6
52,8,Mikey Garcia ,23.017703019204145,28.837986427932485,39.81025920688872,Errol Spence Jr,25.95392207693532,43.79682075261179,39.71606925419929,127.69,148.6
52,9,Mikey Garcia ,19.559108900378014,22.107187814758326,31.47945583928486,Errol Spence Jr,21.576607550123573,34.57240911903715,28.364930156241556,127.69,148.6
52,10,Mikey Garcia ,11.836997848346652,20.556707946991814,23.43263359291093,Errol Spence Jr,18.11500879053461,28.753104089442317,24.23322457737209,127.69,148.6
52,11,Mikey Garcia ,6.886007976525418,16.378105533913086,16.430251207405888,Errol Spence Jr,13.557997473620963,15.53628414767362,17.75920400303125,127.69,148.6
52,12,Mikey Garcia ,6.2363573257247,14.314270651571698,11.411052847797833,Errol Spence Jr,11.434075151466242,15.61979144681583,13.796316707443072,127.69,148.6
53,1,Andy Ruiz Jr ,71,56.7,81,Anthony Joshua,71,69.9,83,248.34,237.26
53,2,Andy Ruiz Jr ,69.20364991718169,48.29570103519364,70.01652011241313,Anthony Joshua,73.23529242289705,61.6342457387421,67.09007381453775,248.34,237.26
53,3,Andy Ruiz Jr ,66.96579135680034,49.60727330280079,58.40880408826083,Anthony Joshua,78.2252281917863,56.812685349993444,60.96949505541886,248.34,237.26
53,4,Andy Ruiz Jr ,58.849519275925076,38.850719690482784,46.59859956197354,Anthony Joshua,71.5550543310098,49.591842252096924,49.638088365481686,248.34,237.26
53,5,Andy Ruiz Jr ,50.79092334446581,35.39571261471277,35.967250241338384,Anthony Joshua,62.53812426051114,36.82129781376568,39.51031801052968,248.34,237.26
53,6,Andy Ruiz Jr ,47.28249582333242,24.167773672648757,22.35841504382222,Anthony Joshua,42.36034409702652,24.532550372403144,27.815844605198407,248.34,237.26
53,7,Andy Ruiz Jr ,36.80278824678724,10.792655154572424,12.187726236980302,Anthony Joshua,32.664665008373994,15.088995463676184,16.81728980928387,248.34,237.26
54,1,Tyson Fury ,71,66.5,86,Tom Schwarz,71,47.7,69,247.5,232.91
54,2,Tyson Fury ,54.76265441559617,50.28762688182064,57.086696192226945,Tom Schwarz,59.50847618289466,33.02387470135343,42.92736884950377,247.5,232.91
56,1,Carl Frampton ,69,61.6,77,Tyler Mccreary,69,37.6,66,121.85,132.1
56,2,Carl Frampton ,64.54836701277328,58.217831126049425,75.51871069836027,Tyler Mccreary,65.74770802044223,35.88892215485939,62.09670463813753,121.85,132.1
56,3,Carl Frampton ,52.45655653557406,56.05333674071684,74.15890762660152,Tyler Mccreary,54.21170221571193,30.475173015651112,60.59022045891531,121.85,132.1
56,4,Carl Frampton ,43.66689138237796,49.519392177066955,67.84269131488604,Tyler Mccreary,42.35406763558127,27.188112114417475,52.06264589541051,121.85,132.1
56,5,Carl Frampton ,38.5141043367329,44.42750463187606,61.06024202629038,Tyler Mccreary,38.26906973512892,25.607549812714744,45.35756058071263,121.85,132.1
56,6,Carl Frampton ,29.72347129959148,37.30515521564635,54.00263645061372,Tyler Mccreary,29.151996528323636,22.028194615309047,35.08637697824189,121.85,132.1
56,7,Carl Frampton ,23.679254153251858,25.006929414767747,45.25718596977207,Tyler Mccreary,17.5025309981074,20.688614027282675,29.474222722976116,121.85,132.1
56,8,Carl Frampton ,20.03223475972542,17.2275235617693,36.351085152721815,Tyler Mccreary,10.242037250541928,14.767769061863204,23.78250345081336,121.85,132.1
56,9,Carl Frampton ,14.848983577053643,9.133172596763135,25.132133213242444,Tyler Mccreary,11.492353997702645,9.59460615548883,17.19263676724222,121.85,132.1
56,10,Carl Frampton ,6.931648317551886,6.851551725181499,17.865881895102937,Tyler Mccreary,6.030565167650225,8.460764265681789,13.166053589856983,121.85,132.1
57,1,Joe Hughes ,57,51.4,63,Sandor Martin,57,55.8,71,141.86,139.6
57,2,Joe Hughes ,55.67071272302563,51.37714880899538,61.91203128886335,Sandor Martin,55.22024904944444,48.05051777901378,67.91558655455805,141.86,139.6
57,3,Joe Hughes ,53.569887322764494,47.56088417117909,59.188196784950854,Sandor Martin,51.13868620825862,45.609178359662465,65.0065337356708,141.86,139.6
57,4,Joe Hughes ,46.208071322118464,44.99822579845661,54.29342506879579,Sandor Martin,47.302104184474295,42.21817328526732,58.14158118013497,141.86,139.6
57,5,Joe Hughes ,37.08372415123277,38.12565752454407,49.99068892963693,Sandor Martin,41.00386786106805,33.75382515920643,50.61049708384016,141.86,139.6
57,6,Joe Hughes ,33.871952203133525,26.52367711277039,39.61528766131733,Sandor Martin,31.738670486411223,26.931508915136316,43.113123783138754,141.86,139.6
57,7,Joe Hughes ,28.099391541497724,21.209474233908622,31.23025719608011,Sandor Martin,30.176771022299494,22.162663256036712,34.57845822530677,141.86,139.6
57,8,Joe Hughes ,23.861405002655975,17.808315963106267,26.800178673086837,Sandor Martin,25.585938618755293,18.677037524763175,27.81706027497468,141.86,139.6
57,9,Joe Hughes ,20.41597769652258,13.78557322857623,20.723464673578107,Sandor Martin,17.411025410722097,14.434259532510254,21.397245491703742,141.86,139.6
57,10,Joe Hughes ,15.825569590232718,11.632357770627648,16.533662027028544,Sandor Martin,13.833480548258414,9.458827087628233,15.518515297886708,141.86,139.6
57,11,Joe Hughes ,10.12523138354036,5.520654699463016,13.640186486202381,Sandor Martin,9.621909278713566,6.647394039805476,10.94893473324436,141.86,139.6
57,12,Joe Hughes ,10.154455367779324,4.795971570742422,9.473918212989076,Sandor Martin,7.172591152971551,2.5046080188213646,6.4259174997007396,141.86,139.6
58,1,Jessie Vargas ,61,67.4,78,Mikey Garcia,61,63.8,81,143.19,128.21
58,2,Jessie Vargas ,57.45251591390225,65.99298929913977,76.26272775136046,Mikey Garcia,57.720721711575,59.9188855632731,80.19422756160083,143.19,128.21
58,3,Jessie Vargas ,56.48858231343977,62.766063436356134,73.10841762123238,Mikey Garcia,53.89913423085053,57.909229745627165,79.1513311829938,143.19,128.21
58,4,Jessie Vargas ,49.89539339867982,59.841617326164844,66.30154446648966,Mikey Garcia,51.06863836268753,52.87352981789446,76.39495066100937,143.19,128.21
58,5,Jessie Vargas ,43.17835524506656,53.583311780073835,59.619180797072325,Mikey Garcia,39.78334114628398,48.875697508411506,68.81834309737182,143.19,128.21
58,6,Jessie Vargas ,36.50894488473421,48.429768683119036,52.02311513551533,Mikey Garcia,37.01665651079835,41.209551565898366,62.61542679433084,143.19,128.21
58,7,Jessie Vargas ,30.252537250234916,39.40889407397263,44.53345033757064,Mikey Garcia,30.394023428957535,29.45391650737703,52.926145812610166,143.19,128.21
58,8,Jessie Vargas ,22.0706767995569,38.184717260360785,35.67731630608103,Mikey Garcia,19.858780581871585,24.292546257548096,46.27916594212025,143.19,128.21
58,9,Jessie Vargas ,18.947277987846103,30.543702780568285,29.110270601360114,Mikey Garcia,9.8881830955689,21.437631908814442,35.20466753500137,143.19,128.21
58,10,Jessie Vargas ,12.337803433689391,21.931712019193714,21.193654926480423,Mikey Garcia,11.406690276994963,19.500453755953224,26.12318790005763,143.19,128.21
58,11,Jessie Vargas ,9.420630532559521,13.11284634975002,15.824109805395462,Mikey Garcia,7.54651890310383,14.022430041148306,18.972589917868248,143.19,128.21
58,12,Jessie Vargas ,6.356330505258473,13.324641537189182,10.989024141141106,Mikey Garcia,10.559821500485118,10.105620657496507,12.762822453354815,143.19,128.21
59,1,Deontay Wilder ,88,63.9,83,Tyson Fury,88,66.9,86,242.4,247.5
59,2,Deontay Wilder ,89.41158564083561,62.8597649029593,70.9756128965848,Tyson Fury,87.73731910402432,56.583558742570744,74.18824565504943,242.4,247.5
59,3,Deontay Wilder ,89.09747303573216,57.72208610909844,60.460421636216985,Tyson Fury,89.95739641605523,50.06197455363433,58.689387776278295,242.4,247.5
59,4,Deontay Wilder ,85.97919279599651,48.670359886081194,48.50920264478561,Tyson Fury,87.18855007701825,38.26188005669614,46.10155284211032,242.4,247.5
59,5,Deontay Wilder ,74.03577956974844,40.66538563169148,34.329956736229235,Tyson Fury,76.05832250677449,31.947358709359346,34.254581353866584,242.4,247.5
59,6,Deontay Wilder ,67.27133790730322,25.982435524369734,23.23606008914462,Tyson Fury,66.07363223586992,24.709864182992696,24.64116130112883,242.4,247.5
59,7,Deontay Wilder ,50.6051498400866,15.745592594426476,14.966362259811376,Tyson Fury,43.262805564214425,20.277969545091352,14.889646939865667,242.4,247.5
60,1,Vasyl Lomachenko ,71,73.9,78,Teofimo Lopez,71,58.1,76,127.11,139.6
60,2,Vasyl Lomachenko ,68.30202169636395,75.67813475194518,74.30275919777725,Teofimo Lopez,67.43789769858647,62.309226652280294,79.87265088927529,127.11,139.6
60,3,Vasyl Lomachenko ,71.84658366966644,77.36943898711482,74.78231695513543,Teofimo Lopez,72.85126106700692,57.209525879562456,76.38663587270828,127.11,139.6
60,4,Vasyl Lomachenko ,68.2970843918322,72.19683835412435,71.55562841798977,Teofimo Lopez,83.37325116914631,54.38695077377556,70.9852392284863,127.11,139.6
60,5,Vasyl Lomachenko ,67.36507346235541,70.71666226241396,65.50419362671649,Teofimo Lopez,68.63445031615376,47.24935876884646,64.81093152226605,127.11,139.6
60,6,Vasyl Lomachenko ,54.31984327586296,55.624735874559285,57.39670315496412,Teofimo Lopez,53.481661971973786,52.546067570280506,54.13238530169545,127.11,139.6
60,7,Vasyl Lomachenko ,43.37479296881185,39.97951828617551,52.860662547170115,Teofimo Lopez,46.44008530693658,41.59741364871551,48.675794775497046,127.11,139.6
60,8,Vasyl Lomachenko ,27.955593354328425,34.48279667886699,45.31953287214745,Teofimo Lopez,42.449314073483094,28.706933234562896,39.62375938917982,127.11,139.6
60,9,Vasyl Lomachenko ,20.588909957341322,21.833553956783884,34.31042316714614,Teofimo Lopez,29.28088470186148,24.511692368713224,30.49564784861846,127.11,139.6
60,10,Vasyl Lomachenko ,13.923413714089591,15.779668540219127,26.653298203497652,Teofimo Lopez,29.057820813988712,16.300863575793322,23.313774480951576,127.11,139.6
60,11,Vasyl Lomachenko ,10.483021609093324,15.423204775209308,23.559813805360125,Teofimo Lopez,17.953135364200755,9.798365234148509,17.545419513106204,127.11,139.6
60,12,Vasyl Lomachenko ,11.624780761081478,10.573773774876077,14.920801692864266,Teofimo Lopez,20.04727699166831,13.613275442299418,13.852193232916303,127.11,139.6
